alumno_id,materia_id,grado_id,periodo_id,nota_parcial,asistencia_trimestre,participacion_trimestre
1,1,1,1,61.31,59.01,59.65
1,1,1,2,60.31,63.33,62.17
1,1,1,3,51.65,59.17,57.32
1,2,1,1,60.03,60.64,58.61
1,2,1,2,63.14,58.22,55.39
1,2,1,3,58.71,62.69,62.82
1,3,1,1,65.86,68.02,66.99
1,3,1,2,64.83,67.76,68.34
1,3,1,3,62.35,62.79,62.46
1,4,1,1,73.94,77.27,78.91
1,4,1,2,69.34,74.36,70.44
1,4,1,3,70.31,69.73,71.21
1,1,6,4,53.54,50.64,47.47
1,1,6,5,49.92,52.46,49.77
1,1,6,6,50.82,47.66,47.93
1,2,6,4,71.32,73.65,71.97
1,2,6,5,70.53,71.98,73.93
1,2,6,6,66.36,70.16,67.95
1,3,6,4,69.56,73.56,74.15
1,3,6,5,72.28,69.41,71.36
1,3,6,6,83.72,75.27,75.94
1,4,6,4,61.23,60.99,61.16
1,4,6,5,59.85,61.41,57.44
1,4,6,6,59.17,60.56,63.52
1,1,11,7,58.03,56.44,55.59
1,1,11,8,60,60.34,60.86
1,1,11,9,60.24,62.74,63.1
1,2,11,7,49.29,54.65,53.86
1,2,11,8,49.65,49.88,50.41
1,2,11,9,47.63,49.18,46.35
1,3,11,7,54.54,54.5,54.17
1,3,11,8,56.75,50.49,48.61
1,3,11,9,52.85,56.72,53.37
1,4,11,7,57.73,49.12,49.24
1,4,11,8,57.59,57.34,57.94
1,4,11,9,59.37,55.25,57.54
2,1,1,1,61.26,55.53,58.29
2,1,1,2,62.25,64.04,62.28
2,1,1,3,67.34,61.26,63.11
2,2,1,1,50.78,52.24,49.14
2,2,1,2,47.36,48.66,49.6
2,2,1,3,47.32,50.46,48.9
2,3,1,1,80.81,77.03,78.14
2,3,1,2,89.39,81.86,84.59
2,3,1,3,84.73,88.74,88.33
2,4,1,1,62.53,62.86,63.9
2,4,1,2,60.83,63.03,63.72
2,4,1,3,58.99,61.29,61.88
2,1,6,4,52.95,50.5,48.07
2,1,6,5,51.44,55.6,57.07
2,1,6,6,52.7,49.94,47.68
2,2,6,4,82.51,78.01,79.66
2,2,6,5,79.34,82.02,80.51
2,2,6,6,79.68,77.71,77.56
2,3,6,4,86.15,79.18,80.26
2,3,6,5,85.56,86.33,83.52
2,3,6,6,85.3,83.63,85.58
2,4,6,4,57.26,55.04,54.59
2,4,6,5,55.07,58.2,58.06
2,4,6,6,56.24,52.04,51.14
2,1,11,7,57.58,56.51,56.69
2,1,11,8,56.66,61.11,61.57
2,1,11,9,60.14,58.77,58.87
2,2,11,7,68.56,73.21,70.45
2,2,11,8,70.73,69.59,70.62
2,2,11,9,77.44,78.43,79.57
2,3,11,7,67.86,71.52,71.88
2,3,11,8,64.16,64.86,65.19
2,3,11,9,58.54,64.08,63.01
2,4,11,7,71.09,68.44,67.5
2,4,11,8,68.56,71.22,69.06
2,4,11,9,69.46,69.92,68.46
3,1,1,1,58.29,56.33,60.02
3,1,1,2,60.28,59.95,59.98
3,1,1,3,59.54,62.38,61.12
3,2,1,1,53.82,49.02,50.03
3,2,1,2,51.3,51.42,50.75
3,2,1,3,52.7,49.99,53.52
3,3,1,1,66.79,70.56,73.86
3,3,1,2,64.13,70.48,69.01
3,3,1,3,64.63,63.66,67.4
3,4,1,1,59.61,62.34,61.83
3,4,1,2,59.03,62.88,60.02
3,4,1,3,55.4,59.29,62.17
3,1,6,4,65.17,65.9,67.72
3,1,6,5,65.86,65.3,66.59
3,1,6,6,63.01,62.07,64.63
3,2,6,4,69.76,70.59,70.29
3,2,6,5,69.11,70.32,69.08
3,2,6,6,71.03,68.13,66.95
3,3,6,4,55.97,55.45,58.35
3,3,6,5,58.82,57.14,55.88
3,3,6,6,53.61,59.92,58.5
3,4,6,4,71.93,70.85,71.95
3,4,6,5,74.67,71.49,73.69
3,4,6,6,75.91,76.3,78.91
3,1,11,7,58.94,59.12,60.83
3,1,11,8,62.41,57.71,61.54
3,1,11,9,64.41,58.82,57.93
3,2,11,7,73.75,70.18,71.43
3,2,11,8,73.61,73.72,71.93
3,2,11,9,73.01,72.25,74.2
3,3,11,7,60.26,61.76,64.47
3,3,11,8,63.27,60.67,61.79
3,3,11,9,62.01,65.57,64.62
3,4,11,7,58.14,55.23,55.85
3,4,11,8,58.71,59.86,59.54
3,4,11,9,57.03,56.7,56.67
4,1,1,1,54.49,54.23,55.77
4,1,1,2,51.45,54.67,51.78
4,1,1,3,51.57,50.77,51.68
4,2,1,1,78.3,81.76,81.95
4,2,1,2,82.87,78.34,79.34
4,2,1,3,82.19,84.79,89.09
4,3,1,1,63.47,67.31,69.26
4,3,1,2,59.97,65.04,64.73
4,3,1,3,54.34,62.04,58.42
4,4,1,1,75.82,75.14,73.34
4,4,1,2,79.03,73.18,76.84
4,4,1,3,82.04,78.1,74.67
4,1,6,4,72.07,79.65,80.21
4,1,6,5,71.14,70.27,70.05
4,1,6,6,76.02,71.66,72.27
4,2,6,4,80.28,78.97,78.07
4,2,6,5,79.73,78.15,77.86
4,2,6,6,77.05,80.76,82.18
4,3,6,4,68.49,66.89,66.28
4,3,6,5,74.82,72.58,72.81
4,3,6,6,78.5,75.16,77.47
4,4,6,4,66.6,62.44,63.73
4,4,6,5,69.28,64.67,66.04
4,4,6,6,61.28,65.76,63.4
4,1,11,7,74.96,77.53,73.18
4,1,11,8,77.41,77.63,79.59
4,1,11,9,76.87,77.38,78.97
4,2,11,7,76.97,76.07,71.94
4,2,11,8,77.3,74.37,75.71
4,2,11,9,73.16,75.42,74.39
4,3,11,7,77.08,81.01,80.38
4,3,11,8,74.7,76.13,74.5
4,3,11,9,73.64,71.83,71.44
4,4,11,7,69.25,66.15,64.75
4,4,11,8,70.91,69.02,68.58
4,4,11,9,69.58,72.43,71.37
5,1,1,1,61.01,65.86,65.24
5,1,1,2,56.63,56.63,58.33
5,1,1,3,54.13,56.69,58.63
5,2,1,1,63.45,63.58,60.37
5,2,1,2,60.34,61.94,59.1
5,2,1,3,62.79,58.18,61.55
5,3,1,1,80.1,71.93,71.92
5,3,1,2,85.48,82.13,81.25
5,3,1,3,89.09,84.7,83.37
5,4,1,1,67.21,64.5,61.71
5,4,1,2,64.71,65.9,64.93
5,4,1,3,61.55,62.98,63.08
5,1,6,4,63.3,63.09,62.92
5,1,6,5,61.63,63.85,62.4
5,1,6,6,68.27,62.69,63.11
5,2,6,4,61.14,61.64,60.31
5,2,6,5,54.93,59.62,56.01
5,2,6,6,52.36,55.02,55.54
5,3,6,4,66.21,56.38,56.92
5,3,6,5,63.64,62.98,62.69
5,3,6,6,66.78,62.43,63.95
5,4,6,4,65.11,69.41,64.47
5,4,6,5,66.6,66.26,65.86
5,4,6,6,65.69,65.39,65.57
5,1,11,7,65.4,66.99,67.22
5,1,11,8,64.79,66.58,65.94
5,1,11,9,59.01,65.87,67.94
5,2,11,7,75.86,77.04,79.44
5,2,11,8,68.21,71.78,69.77
5,2,11,9,72.97,67.51,67.55
5,3,11,7,59.78,56.49,58.13
5,3,11,8,60.36,59.97,58.2
5,3,11,9,58.1,60.7,61.83
5,4,11,7,80.57,73.02,74.29
5,4,11,8,79.43,80.93,81.43
5,4,11,9,76.52,77.73,79.39
6,1,1,1,51.33,54.03,54.83
6,1,1,2,51.18,52.99,55.56
6,1,1,3,53.5,50.32,49.22
6,2,1,1,75.81,71.18,72.01
6,2,1,2,69.36,74.26,71.77
6,2,1,3,70.65,72.35,73.66
6,3,1,1,55.19,54.96,60.25
6,3,1,2,57.72,55.29,58.85
6,3,1,3,58.82,58.15,59.03
6,4,1,1,66.39,65.92,69.11
6,4,1,2,65.72,64.41,64.16
6,4,1,3,70.51,67.91,64.52
6,1,6,4,54.82,53.78,52.62
6,1,6,5,54.76,50.18,49.72
6,1,6,6,50.94,57.3,55.66
6,2,6,4,62.45,63.05,62.56
6,2,6,5,59.58,57.05,56.95
6,2,6,6,64.25,60.97,64.67
6,3,6,4,47.39,48.36,49.39
6,3,6,5,47.73,47.06,47.06
6,3,6,6,44.9,46.38,46.68
6,4,6,4,75.61,78.29,77.14
6,4,6,5,73.23,75.55,74.46
6,4,6,6,77.72,73.44,72.93
6,1,11,7,60.04,61.57,59.09
6,1,11,8,59.55,60.45,61.03
6,1,11,9,62.15,59.25,60.31
6,2,11,7,65.39,59.61,61.48
6,2,11,8,63.94,66.83,64.57
6,2,11,9,65.98,64.92,62.48
6,3,11,7,53.96,54.61,52.73
6,3,11,8,51.8,54.47,57.76
6,3,11,9,45.89,50.49,48.61
6,4,11,7,81.13,80.31,79.26
6,4,11,8,75.33,79.72,76.9
6,4,11,9,80.57,76.55,73.98
7,1,1,1,67.86,63.05,61.96
7,1,1,2,71.74,67.79,67.12
7,1,1,3,71.86,76.05,77.39
7,2,1,1,75.76,74.21,74.25
7,2,1,2,75.61,74.68,73.13
7,2,1,3,69.88,73.65,74.47
7,3,1,1,74.24,68.6,69.66
7,3,1,2,76.63,77.38,75.37
7,3,1,3,77.97,76.31,77.92
7,4,1,1,47.54,46.67,47.7
7,4,1,2,45.56,47.92,46.41
7,4,1,3,40.01,42.74,40.9
7,1,6,4,77.57,72.72,69.21
7,1,6,5,77.9,76.96,77.15
7,1,6,6,77.77,79.12,76.08
7,2,6,4,65.73,66.59,68.89
7,2,6,5,64.53,65.66,69.2
7,2,6,6,64.57,68.15,69.57
7,3,6,4,68.2,71.81,73.67
7,3,6,5,67.9,70.48,67.85
7,3,6,6,71.25,70.03,70.27
7,4,6,4,71.97,71,72.67
7,4,6,5,72.54,71.83,68.51
7,4,6,6,68.98,72.95,73.5
7,1,11,7,81.12,78.36,77.93
7,1,11,8,83.53,80.96,80.03
7,1,11,9,79.48,80.72,81.72
7,2,11,7,71.37,74.3,73.93
7,2,11,8,75.7,74.27,74.66
7,2,11,9,77.29,72.73,73.27
7,3,11,7,61.25,58.42,58.51
7,3,11,8,53.04,59.88,58.86
7,3,11,9,48.86,54.88,55.51
7,4,11,7,69.71,68.61,67.77
7,4,11,8,65.25,67.02,65.18
7,4,11,9,65.33,63.72,63.65
8,1,1,1,60.45,59.39,60.75
8,1,1,2,58.72,58.8,63.42
8,1,1,3,55.59,61.06,64.3
8,2,1,1,53.44,55.44,54.2
8,2,1,2,57.67,52.16,54.54
8,2,1,3,58.29,56.53,54.86
8,3,1,1,80.7,73.06,71.66
8,3,1,2,81.61,82.58,80.9
8,3,1,3,83.18,80.88,82.05
8,4,1,1,64.93,68.69,68.34
8,4,1,2,63.43,62.17,60.71
8,4,1,3,65.33,67.02,65.99
8,1,6,4,76.02,68.57,66.83
8,1,6,5,73.43,76.71,79.35
8,1,6,6,73.02,70.15,71.08
8,2,6,4,71.85,70.36,72.01
8,2,6,5,77.32,73.98,76.32
8,2,6,6,78.21,78.61,78.28
8,3,6,4,60.95,58.67,59.66
8,3,6,5,61.19,61.76,61.3
8,3,6,6,61.33,62.83,59.85
8,4,6,4,64.61,57.97,59.26
8,4,6,5,65.2,64,64.44
8,4,6,6,67.26,68.36,68.17
8,1,11,7,68.72,69.33,70.15
8,1,11,8,68.78,67.91,67.19
8,1,11,9,66.28,65.16,67.09
8,2,11,7,77.16,76.4,75.28
8,2,11,8,76.72,80.29,80.16
8,2,11,9,71.05,80.48,77.58
8,3,11,7,59.19,56.21,58.18
8,3,11,8,56.71,61.81,61.36
8,3,11,9,53.19,56.48,57.74
8,4,11,7,60.27,61.55,61.46
8,4,11,8,56.46,59.78,60.49
8,4,11,9,60.93,59.35,59.18
9,1,1,1,81.29,79.59,79.13
9,1,1,2,83.88,82.74,83.66
9,1,1,3,87,81.99,82.63
9,2,1,1,69.97,65.43,64.08
9,2,1,2,69.75,69.89,67.03
9,2,1,3,67.58,68.39,70.07
9,3,1,1,58.56,58.76,58.71
9,3,1,2,57.51,57.18,62.13
9,3,1,3,59.01,59.56,57.37
9,4,1,1,51.04,52.15,50.21
9,4,1,2,55.09,51.03,48.72
9,4,1,3,55.78,56.84,56.4
9,1,6,4,58.3,58.04,58.12
9,1,6,5,55.96,58.13,57.77
9,1,6,6,58.66,56.35,54.23
9,2,6,4,59.84,57.25,60.05
9,2,6,5,61.72,59.96,58.66
9,2,6,6,64.3,62.51,64.3
9,3,6,4,60.06,60.41,62.31
9,3,6,5,67.82,62.7,63.5
9,3,6,6,64.51,67.08,67.49
9,4,6,4,79.68,72.63,72.58
9,4,6,5,81.36,83.14,84.01
9,4,6,6,78.63,81.6,82.82
9,1,11,7,55.79,54.35,54.13
9,1,11,8,53.04,57.54,53.81
9,1,11,9,52.28,49.92,53.92
9,2,11,7,80.21,79.76,79.42
9,2,11,8,84.53,81.51,78.36
9,2,11,9,86.57,87.29,86.04
9,3,11,7,66.67,72.12,71.54
9,3,11,8,69.75,66.56,66.25
9,3,11,9,64.59,65.28,65.75
9,4,11,7,64.95,62.37,59.78
9,4,11,8,64.58,64.02,64.71
9,4,11,9,61.14,65.53,65.68
10,1,1,1,62.34,59.59,62.06
10,1,1,2,62.46,59.56,57.88
10,1,1,3,67.27,64.15,66.6
10,2,1,1,75.23,73.99,76.05
10,2,1,2,74.73,74.71,74.32
10,2,1,3,75.14,74.65,76.11
10,3,1,1,50.09,50.92,48.85
10,3,1,2,50.24,50.99,49.81
10,3,1,3,50.13,50.52,51.43
10,4,1,1,66.75,67.64,71.82
10,4,1,2,69.06,68.97,66.89
10,4,1,3,73.71,66.96,65.71
10,1,6,4,76.02,77.14,75.3
10,1,6,5,78.93,80.03,81.96
10,1,6,6,79.19,78.04,78.17
10,2,6,4,67.48,71.19,72.47
10,2,6,5,69.24,70.75,68.46
10,2,6,6,69.59,67.73,67.6
10,3,6,4,78.66,76.8,79.67
10,3,6,5,75.47,79.37,76
10,3,6,6,78.7,77.57,78.71
10,4,6,4,63.89,64.34,64.04
10,4,6,5,60.47,63.55,63.58
10,4,6,6,57.42,57.59,60.78
10,1,11,7,56.41,58.55,57.94
10,1,11,8,53.9,55.21,55.55
10,1,11,9,48.64,56.08,59.15
10,2,11,7,81.23,74.53,69.54
10,2,11,8,82.52,78.45,75.16
10,2,11,9,86.72,87.4,90.17
10,3,11,7,73.78,73.88,74.67
10,3,11,8,71.36,74.88,74.82
10,3,11,9,73.18,69.61,67.65
10,4,11,7,61.34,64.94,66.78
10,4,11,8,57.97,59.36,61.24
10,4,11,9,55.11,57.52,58.62
11,1,1,1,57.49,59.14,59.58
11,1,1,2,57.07,55.62,58.41
11,1,1,3,58.05,55.92,56.04
11,2,1,1,68.3,68.33,68.42
11,2,1,2,63.27,66.9,65.57
11,2,1,3,62.09,66.77,64.28
11,3,1,1,79.29,75.02,73.9
11,3,1,2,76.38,77.64,78.12
11,3,1,3,79.24,80.83,78.35
11,4,1,1,74.83,74.41,74.04
11,4,1,2,77.7,74.92,74.63
11,4,1,3,75.14,82.12,81.01
11,1,6,4,69.33,68.46,68.46
11,1,6,5,62.4,67.78,64.91
11,1,6,6,64.53,64.35,66.56
11,2,6,4,66.16,66.28,65.53
11,2,6,5,63.34,65,62.97
11,2,6,6,60.07,60.89,60.96
11,3,6,4,54.9,50.78,52.19
11,3,6,5,61.53,55.12,56.05
11,3,6,6,62.18,59.18,56.72
11,4,6,4,73.03,75.81,74.4
11,4,6,5,75.12,74.14,74.3
11,4,6,6,70.21,73.28,73.62
11,1,11,7,57.99,56.07,55.45
11,1,11,8,52.58,55.56,54.49
11,1,11,9,53.18,52.73,54.29
11,2,11,7,68.84,71.16,71.55
11,2,11,8,71.01,69.11,68.8
11,2,11,9,67.47,72.92,71.35
11,3,11,7,50.44,52.8,54.22
11,3,11,8,46.63,47.24,51.55
11,3,11,9,48.06,48.3,48.36
11,4,11,7,75.28,75.54,75.7
11,4,11,8,76.7,77.12,76.54
11,4,11,9,79.67,77.34,76.01
12,1,1,1,48.23,50.05,49.35
12,1,1,2,49.81,50.85,50.95
12,1,1,3,57.1,49.36,49.75
12,2,1,1,68.77,72.34,72.36
12,2,1,2,65.97,66.64,66.03
12,2,1,3,67.43,65.6,65.71
12,3,1,1,68.61,75.37,74.08
12,3,1,2,66.58,69.2,69.76
12,3,1,3,63.6,67.66,65.09
12,4,1,1,56.56,52.67,52.25
12,4,1,2,54.7,56.86,56.18
12,4,1,3,54.82,54.1,53.32
12,1,6,4,65.92,62.21,64.04
12,1,6,5,66.71,70.5,68.41
12,1,6,6,65.48,66.45,68.43
12,2,6,4,63.98,60.08,61.16
12,2,6,5,60.84,62.83,57.65
12,2,6,6,61.12,61.63,58.67
12,3,6,4,43.68,48.38,48.31
12,3,6,5,44.73,47.8,45.41
12,3,6,6,38.41,47.06,45.34
12,4,6,4,61.44,60.94,63.89
12,4,6,5,59.5,60.1,62.18
12,4,6,6,59.77,63.15,64.51
12,1,11,7,55.68,50.98,52.82
12,1,11,8,59.16,58.11,58.66
12,1,11,9,55.14,57.88,58.22
12,2,11,7,73.39,72.25,76.28
12,2,11,8,69.13,72.66,73.03
12,2,11,9,66.86,67.19,69.59
12,3,11,7,70.15,68.94,68.07
12,3,11,8,71.91,68.74,67.17
12,3,11,9,69.17,73.13,75.75
12,4,11,7,55.44,52.64,55.29
12,4,11,8,54.74,56.35,60.68
12,4,11,9,56.31,56.6,56.71
13,1,1,1,65.75,68.96,70.15
13,1,1,2,65.62,66.46,67.58
13,1,1,3,59.42,64.43,61.87
13,2,1,1,65.91,64.49,64.05
13,2,1,2,69.06,66.53,68.16
13,2,1,3,69.38,67.9,67.56
13,3,1,1,76.23,75.08,74.8
13,3,1,2,77.91,77.7,75.62
13,3,1,3,77.9,78.57,78.63
13,4,1,1,73.26,71.61,70.55
13,4,1,2,75.18,75.73,75.78
13,4,1,3,84.45,78.59,79.07
13,1,6,4,61.61,62.55,63.8
13,1,6,5,63.52,63.41,62.17
13,1,6,6,65.79,63.02,62.98
13,2,6,4,76.38,77.9,77.48
13,2,6,5,81.16,75.22,76.39
13,2,6,6,82.33,81.95,79.56
13,3,6,4,57.12,61.22,64.13
13,3,6,5,53.59,54.9,54
13,3,6,6,53.86,51.95,47.77
13,4,6,4,62.21,68.47,65.63
13,4,6,5,59.84,59.16,61.69
13,4,6,6,62.22,64.96,63.83
13,1,11,7,74.54,71.12,74.9
13,1,11,8,77.53,76.45,75.2
13,1,11,9,81.4,77.52,80.15
13,2,11,7,75.18,69.93,70.11
13,2,11,8,72.04,72.9,72.51
13,2,11,9,70.15,68.3,68.14
13,3,11,7,73.91,68.33,69.48
13,3,11,8,73.7,71.76,71.06
13,3,11,9,78.09,75.99,75.38
13,4,11,7,62.53,63.76,62.78
13,4,11,8,62.9,62.81,59.27
13,4,11,9,57.82,62.61,61.68
14,1,1,1,75.47,75.44,76.25
14,1,1,2,75.98,78.25,76.03
14,1,1,3,67.38,76.4,75.64
14,2,1,1,72.92,71.56,70.36
14,2,1,2,74.54,70.93,71.53
14,2,1,3,74.87,77,76.8
14,3,1,1,55.53,58.56,58.12
14,3,1,2,59.37,53.68,53.07
14,3,1,3,59.25,58.32,58.29
14,4,1,1,60.88,60.07,61.54
14,4,1,2,56.45,61.01,62.04
14,4,1,3,52.58,55.39,56.98
14,1,6,4,56.08,53.28,58.11
14,1,6,5,55.09,56.78,55.16
14,1,6,6,56.43,54.24,53.15
14,2,6,4,66.26,65.94,63.91
14,2,6,5,67.41,67.11,68.5
14,2,6,6,67.04,66.67,65.02
14,3,6,4,61.37,61.22,61.1
14,3,6,5,60.58,65.39,68.93
14,3,6,6,64.23,59.16,59.31
14,4,6,4,61.17,63.89,62.6
14,4,6,5,60.77,60.2,58.29
14,4,6,6,61.44,64.02,64.66
14,1,11,7,77.26,75.67,76.69
14,1,11,8,75,77.19,77.07
14,1,11,9,72.5,75.17,76.93
14,2,11,7,72.97,69.69,68.84
14,2,11,8,75.25,73.2,70.32
14,2,11,9,78.7,73.91,77.66
14,3,11,7,70.82,75.47,75.08
14,3,11,8,73.27,71.05,73.02
14,3,11,9,72.97,74.94,74.08
14,4,11,7,78.55,80.47,79.8
14,4,11,8,84.14,76.64,77.48
14,4,11,9,87.53,82.01,82.05
15,1,1,1,82.65,79.54,79.45
15,1,1,2,82.56,85.52,83.14
15,1,1,3,87.86,82.62,82.09
15,2,1,1,75.91,77.16,77.54
15,2,1,2,76.56,76.58,75.99
15,2,1,3,80.63,79.2,77.19
15,3,1,1,64.25,63.8,66.42
15,3,1,2,65.24,59.77,58.77
15,3,1,3,63.64,66.33,64.65
15,4,1,1,59.79,59.62,62.85
15,4,1,2,64.37,62.22,65.27
15,4,1,3,64.11,63.5,64.31
15,1,6,4,72.59,69.77,68.19
15,1,6,5,73.11,70.35,69.54
15,1,6,6,77.14,72.09,73.64
15,2,6,4,63.76,67.4,65.4
15,2,6,5,65.29,64.78,65.14
15,2,6,6,69.27,66.27,67.54
15,3,6,4,55.39,58.35,59.65
15,3,6,5,48,55.69,52.28
15,3,6,6,49.31,48.28,50.48
15,4,6,4,52.79,53.19,52.12
15,4,6,5,55.26,53.45,53.83
15,4,6,6,54.33,54.38,55.41
15,1,11,7,75.1,74.4,73.34
15,1,11,8,72.99,74.32,75
15,1,11,9,66.64,71.17,71.35
15,2,11,7,64.09,67.36,65.25
15,2,11,8,65.22,65.99,69.41
15,2,11,9,68.6,64.88,65.02
15,3,11,7,53.45,52.6,54.93
15,3,11,8,62.29,54.73,56.04
15,3,11,9,64.98,58.67,57.29
15,4,11,7,70.58,67.35,67.08
15,4,11,8,77.32,73.8,76.43
15,4,11,9,73.13,78.8,78.95
16,1,1,1,53.23,52.61,47.81
16,1,1,2,55.77,53.52,56.48
16,1,1,3,57.33,60.35,60.57
16,2,1,1,60.35,60.49,59.26
16,2,1,2,55.51,59.49,58.11
16,2,1,3,57.12,55.35,52.34
16,3,1,1,59.3,55.8,55.81
16,3,1,2,67.22,58.15,59.11
16,3,1,3,65.12,67.98,67.62
16,4,1,1,65.84,68.12,67.49
16,4,1,2,72.41,67.99,68.04
16,4,1,3,67.54,72.29,70.88
16,1,6,4,65.56,64.32,63.95
16,1,6,5,65.53,68.63,70.47
16,1,6,6,63.27,65.82,64.59
16,2,6,4,58.77,62.2,57.9
16,2,6,5,57.81,58.35,56.37
16,2,6,6,55.84,57.97,57.52
16,3,6,4,83.22,80.7,83.02
16,3,6,5,84.2,79.76,80.17
16,3,6,6,84.93,84.96,86.23
16,4,6,4,53.03,52.77,52.71
16,4,6,5,50.53,52.77,49.01
16,4,6,6,47.58,50.71,51.03
16,1,11,7,62.91,62.01,64.58
16,1,11,8,62.08,64.6,68.28
16,1,11,9,60.09,60.2,58.01
16,2,11,7,75.99,76.82,77.4
16,2,11,8,78.59,75.73,77.35
16,2,11,9,72.73,75.09,77.7
16,3,11,7,70.21,69.19,72.16
16,3,11,8,67.56,67.78,65.85
16,3,11,9,63.3,67.66,67.34
16,4,11,7,50.03,54.58,51.21
16,4,11,8,47.75,51.96,55.19
16,4,11,9,48.1,46.56,46.51
17,1,1,1,70.17,70.56,68.26
17,1,1,2,70.98,69.22,69.01
17,1,1,3,64.54,68.78,68.06
17,2,1,1,76,76.29,77.69
17,2,1,2,76.76,78.34,79.08
17,2,1,3,73.11,77.66,74.51
17,3,1,1,70.64,66.61,64.25
17,3,1,2,74.43,71.14,70.7
17,3,1,3,69.45,72.3,70.56
17,4,1,1,79.75,77.26,73.3
17,4,1,2,85.21,77.61,78.09
17,4,1,3,82.61,83.37,78.31
17,1,6,4,86.29,80.4,82.2
17,1,6,5,83.19,88.55,87.65
17,1,6,6,78.36,83.13,81.99
17,2,6,4,80.62,79.4,79.91
17,2,6,5,82.45,82.79,82.99
17,2,6,6,81.21,81.67,82.21
17,3,6,4,57.66,58.02,55.68
17,3,6,5,61.22,58.44,58.96
17,3,6,6,61.64,58.32,56.63
17,4,6,4,69.57,60.15,55.87
17,4,6,5,70.34,71.69,72.13
17,4,6,6,72.72,70.92,71.96
17,1,11,7,67.65,69.54,69.13
17,1,11,8,69.96,69.66,74.32
17,1,11,9,74.29,73.88,73.4
17,2,11,7,50.39,56.24,54.29
17,2,11,8,53.09,49.13,50.86
17,2,11,9,55.34,54.12,55.57
17,3,11,7,74.41,73.06,71.87
17,3,11,8,76.93,76.77,77.94
17,3,11,9,73.94,75.4,75.82
17,4,11,7,61.5,62.18,60.83
17,4,11,8,55.07,59.92,59.3
17,4,11,9,52.79,55.49,55.49
18,1,1,1,73.24,73.48,73.64
18,1,1,2,69.98,71.82,69.83
18,1,1,3,69.97,71.73,70.47
18,2,1,1,71.63,78.58,78.06
18,2,1,2,71.82,72.9,70.42
18,2,1,3,68.66,72.37,75.1
18,3,1,1,60.66,53.7,55.71
18,3,1,2,59.93,58.08,56.78
18,3,1,3,61.89,57.72,59.29
18,4,1,1,83.27,75.24,77.36
18,4,1,2,83.3,84.05,83.04
18,4,1,3,80.38,79.76,78.38
18,1,6,4,71.26,67.63,67.67
18,1,6,5,73.46,69.19,67.47
18,1,6,6,75.12,72.92,71.36
18,2,6,4,59.7,58.42,58.95
18,2,6,5,61.49,61.4,61.12
18,2,6,6,59.77,61.29,61.82
18,3,6,4,67.1,67.95,65.3
18,3,6,5,66.73,65.47,65.86
18,3,6,6,66.92,64.62,66.74
18,4,6,4,67.69,68.76,68.48
18,4,6,5,63.6,67.69,68.89
18,4,6,6,57.88,59.01,57.91
18,1,11,7,60.76,63.56,62.92
18,1,11,8,67.31,61.73,60.99
18,1,11,9,70.15,66.77,67.5
18,2,11,7,57.59,62.06,62.82
18,2,11,8,53.77,55.85,58.1
18,2,11,9,56.64,57.06,55.26
18,3,11,7,70.21,74.95,72.12
18,3,11,8,66.29,70.45,67.39
18,3,11,9,67.4,65.85,60.58
18,4,11,7,65.13,63.03,63
18,4,11,8,61.82,65.17,66.27
18,4,11,9,65.16,64.05,65.48
19,1,1,1,68.47,65.16,65.55
19,1,1,2,67.78,66.98,62.66
19,1,1,3,70.04,69.75,67.05
19,2,1,1,61.16,65.09,61.89
19,2,1,2,59.89,60.95,57.66
19,2,1,3,61.92,63.21,63.25
19,3,1,1,76.47,78.47,77.17
19,3,1,2,73.15,75.28,75.95
19,3,1,3,75,73.93,76.76
19,4,1,1,66.37,68.34,71.5
19,4,1,2,64.52,64.75,62.23
19,4,1,3,65.06,65.45,67.42
19,1,6,4,70.41,69.05,68.74
19,1,6,5,66,71.58,71.59
19,1,6,6,68.19,64.94,65.39
19,2,6,4,67.01,62.55,58.13
19,2,6,5,64.48,64.16,63.63
19,2,6,6,65.7,65.65,62.46
19,3,6,4,63.09,61.68,61.99
19,3,6,5,61.6,63.17,64.27
19,3,6,6,61.59,61.65,62.79
19,4,6,4,66.96,69.06,70.5
19,4,6,5,70.84,65.05,66
19,4,6,6,71,71.55,70.92
19,1,11,7,52.57,51.51,51.09
19,1,11,8,48.02,50.03,48.64
19,1,11,9,48.22,48.96,50.39
19,2,11,7,50.28,49.13,53.33
19,2,11,8,51.96,49.56,48.26
19,2,11,9,55.52,51.6,50.3
19,3,11,7,62.33,62.27,62.57
19,3,11,8,61.5,63.51,65.89
19,3,11,9,65.33,62.32,59.16
19,4,11,7,53.36,54.72,54.75
19,4,11,8,53.63,52.55,53.92
19,4,11,9,50.19,54.8,58.75
20,1,1,1,67.58,63.89,65.81
20,1,1,2,66.69,67,69.82
20,1,1,3,66.24,65.97,59.03
20,2,1,1,53.62,52.93,54.71
20,2,1,2,52.92,48.41,48.81
20,2,1,3,50.53,53.73,56.2
20,3,1,1,72.87,71.23,72.07
20,3,1,2,68.48,74.97,73.83
20,3,1,3,65.82,69.86,64.75
20,4,1,1,55.13,57.07,58.43
20,4,1,2,50.67,56.46,57.38
20,4,1,3,47.66,49.31,51.7
20,1,6,4,78.06,73.58,71.31
20,1,6,5,77.13,74.62,73.42
20,1,6,6,80.17,80.73,81.5
20,2,6,4,62.81,66.37,67.68
20,2,6,5,62.1,64.91,62.92
20,2,6,6,72.43,62.6,66.59
20,3,6,4,64.79,63.24,65.23
20,3,6,5,67.94,64.64,66.82
20,3,6,6,66.26,67.09,68.45
20,4,6,4,63.3,61.44,62.32
20,4,6,5,64.32,64.22,67.57
20,4,6,6,63.26,65.66,63.48
20,1,11,7,73.41,72.16,75.05
20,1,11,8,71.08,74.32,75.87
20,1,11,9,77.22,71.47,74.11
20,2,11,7,74.53,75.96,76.94
20,2,11,8,71.81,70.22,72.42
20,2,11,9,70.22,70.08,71.47
20,3,11,7,73.31,68.88,70.43
20,3,11,8,72.96,77.17,77.31
20,3,11,9,75.47,70.96,68.75
20,4,11,7,63.16,56.99,55.73
20,4,11,8,58.7,62.09,58.67
20,4,11,9,57.98,61.17,60.86
21,1,1,1,76.35,81.11,83.4
21,1,1,2,75.89,77.39,80.43
21,1,1,3,73.92,75.3,74.24
21,2,1,1,75.81,76.07,76.14
21,2,1,2,77.93,75.35,73.5
21,2,1,3,75.23,80,76.31
21,3,1,1,55.76,60.27,58.95
21,3,1,2,52.18,55.5,57.4
21,3,1,3,52.16,52.35,53.14
21,4,1,1,57.6,53.13,56.48
21,4,1,2,59.33,55,56.66
21,4,1,3,63.35,57.03,58.67
21,1,6,4,58.65,60.7,57.63
21,1,6,5,61.71,59.21,62.53
21,1,6,6,61.83,59.98,63.38
21,2,6,4,57.43,57.08,58.23
21,2,6,5,59.89,59.68,59.01
21,2,6,6,58.54,57.85,57.8
21,3,6,4,48.29,53.41,53.79
21,3,6,5,47.13,47.41,50.77
21,3,6,6,51.82,47.17,46.99
21,4,6,4,58.88,59.84,58.84
21,4,6,5,56.67,59.47,59
21,4,6,6,53.26,55.29,53.46
21,1,11,7,57.96,55.29,54.68
21,1,11,8,60.28,59.96,60.77
21,1,11,9,63.5,57.48,57.9
21,2,11,7,72.49,73.5,71.97
21,2,11,8,76.17,73.86,73.44
21,2,11,9,73.61,80.9,79.33
21,3,11,7,84.43,79.07,80.36
21,3,11,8,81.11,82.93,84.59
21,3,11,9,80.61,77.88,73.8
21,4,11,7,54.43,52.29,51.19
21,4,11,8,54.17,53.65,53.56
21,4,11,9,50.56,50.34,50.31
22,1,1,1,83.11,78.32,77.57
22,1,1,2,80.54,81.08,79.68
22,1,1,3,80.97,81.63,79.55
22,2,1,1,68.72,70.88,70.22
22,2,1,2,76.37,66.55,64.9
22,2,1,3,72.85,78.86,76.15
22,3,1,1,71.29,73.52,75.53
22,3,1,2,70.51,68.56,69.98
22,3,1,3,66.3,72.64,68.36
22,4,1,1,77.59,75.79,77.64
22,4,1,2,84.34,78.43,79.65
22,4,1,3,80.85,82.08,83.03
22,1,6,4,55.18,53.3,54.79
22,1,6,5,57.74,58.67,58.11
22,1,6,6,57.32,56.18,55.6
22,2,6,4,64.77,65.18,62.42
22,2,6,5,61.66,66.81,70.99
22,2,6,6,62.07,57.9,61.64
22,3,6,4,73.59,71.07,68.47
22,3,6,5,80.28,73.11,74.21
22,3,6,6,79.1,80.78,78.95
22,4,6,4,55.21,52.71,50.71
22,4,6,5,55.92,56.93,56.46
22,4,6,6,54.49,53.02,52.42
22,1,11,7,79.53,73.69,72.16
22,1,11,8,82.37,81.44,79.25
22,1,11,9,84.5,84.86,85.12
22,2,11,7,63.39,65.23,67.42
22,2,11,8,59.85,60.75,60.34
22,2,11,9,58.92,59.72,62.2
22,3,11,7,78.7,76.5,78.38
22,3,11,8,77.13,78.79,79.17
22,3,11,9,75.83,76.74,75.42
22,4,11,7,82.1,82.61,78.85
22,4,11,8,79.24,80.83,78.45
22,4,11,9,72.24,78.87,77.67
23,1,1,1,72.47,74.26,76.2
23,1,1,2,78.81,76.69,77.23
23,1,1,3,82.35,81.6,82.43
23,2,1,1,63.62,66.79,67.61
23,2,1,2,63.69,66.43,67.82
23,2,1,3,64.82,62.73,63.33
23,3,1,1,80.61,78.33,81.21
23,3,1,2,84.93,81.23,84.96
23,3,1,3,81.41,84.75,82.31
23,4,1,1,54.02,57.93,55.75
23,4,1,2,53.21,53.28,50.47
23,4,1,3,58.13,55.02,53.2
23,1,6,4,78.56,76.87,78.07
23,1,6,5,77.56,76.36,76.56
23,1,6,6,74.41,74.72,76.93
23,2,6,4,66.44,69.62,70.55
23,2,6,5,68.28,68.13,65.67
23,2,6,6,70.25,69.53,68.14
23,3,6,4,51.09,50.75,53.62
23,3,6,5,52.37,50.95,50.29
23,3,6,6,48.26,51.3,51.43
23,4,6,4,79.93,79.27,78.61
23,4,6,5,81.74,80.6,81.24
23,4,6,6,82.65,78.66,80.18
23,1,11,7,79.11,75.55,74.54
23,1,11,8,79.82,77.91,74.29
23,1,11,9,83.14,77.42,78.81
23,2,11,7,55.1,52.43,53.2
23,2,11,8,57.87,59.12,61.17
23,2,11,9,58.83,59.96,60.25
23,3,11,7,69.86,76.24,75.26
23,3,11,8,70.17,68.75,70.16
23,3,11,9,65.82,69.76,70.88
23,4,11,7,82.89,80.15,81.4
23,4,11,8,88.33,81.7,81.95
23,4,11,9,91.94,87.31,85.2
24,1,1,1,81.08,78.25,75.7
24,1,1,2,84.02,83.24,80.61
24,1,1,3,80.32,84.83,82.78
24,2,1,1,70.65,71.9,75.88
24,2,1,2,75.19,69.98,70.67
24,2,1,3,77.43,76.89,77.72
24,3,1,1,75.96,76.87,82.99
24,3,1,2,76.66,75.33,72.02
24,3,1,3,71.87,76.97,78.5
24,4,1,1,51.07,53.79,53.64
24,4,1,2,47.53,51.46,49.94
24,4,1,3,45.86,48.77,50.03
24,1,6,4,62.43,59.17,59.32
24,1,6,5,60.81,62.19,61.83
24,1,6,6,59.21,61.5,62.11
24,2,6,4,51.47,55.97,55.61
24,2,6,5,50.19,50.48,49.91
24,2,6,6,51.41,49.71,49.58
24,3,6,4,55.24,57.13,59.23
24,3,6,5,52.73,53.71,52.95
24,3,6,6,52.24,55.47,53.2
24,4,6,4,57.99,60.94,60.88
24,4,6,5,56.65,59.13,55.56
24,4,6,6,65.05,57.25,57.62
24,1,11,7,50.95,51.47,53.03
24,1,11,8,49,50.9,47.13
24,1,11,9,48.75,46.63,41.98
24,2,11,7,72.63,73.3,74.26
24,2,11,8,71.34,73.42,69.56
24,2,11,9,67.78,73.03,72.93
24,3,11,7,67.73,65.6,62.66
24,3,11,8,71.61,69.8,69.25
24,3,11,9,68.93,70.56,66.63
24,4,11,7,61.81,56.58,60.39
24,4,11,8,64.41,66.25,65.93
24,4,11,9,60.28,61.37,64.33
25,1,1,1,50.59,51.65,52.24
25,1,1,2,48.91,49.16,50.05
25,1,1,3,49.34,49.67,49.29
25,2,1,1,53.59,55.18,57.62
25,2,1,2,56.47,52.16,51.7
25,2,1,3,57.86,56.85,55.79
25,3,1,1,68.28,68.82,67.46
25,3,1,2,69.96,69.36,69.95
25,3,1,3,70.89,72.67,74.05
25,4,1,1,56.85,58.17,58.11
25,4,1,2,56.71,54.97,53.64
25,4,1,3,49.3,56.33,51.86
25,1,6,4,78.11,72.73,70.3
25,1,6,5,76.37,75.31,77.65
25,1,6,6,82.67,75.17,72.95
25,2,6,4,89.48,77.76,78.78
25,2,6,5,87.64,85.31,88.76
25,2,6,6,86.58,88.21,88.12
25,3,6,4,54.52,57.62,55.84
25,3,6,5,53.11,53.43,55.87
25,3,6,6,54.98,55.97,54.74
25,4,6,4,62.57,56.22,57.59
25,4,6,5,62.99,62.22,63.56
25,4,6,6,65.98,65.58,64.15
25,1,11,7,62.92,61.36,61.76
25,1,11,8,64.72,60,57.65
25,1,11,9,62.31,65.38,66.45
25,2,11,7,82.88,76.94,78.69
25,2,11,8,77.39,81.68,81.22
25,2,11,9,76.08,76.61,78.6
25,3,11,7,73.94,77.13,74.82
25,3,11,8,75.61,74.54,74.43
25,3,11,9,80.52,72.31,72.33
25,4,11,7,76.99,71.79,72.72
25,4,11,8,79.72,75.09,78.58
25,4,11,9,76.67,79.25,81.52
26,1,1,1,55.04,57.14,56.16
26,1,1,2,58.76,51.27,51.73
26,1,1,3,60.31,58.64,54.94
26,2,1,1,62.4,59.77,61.59
26,2,1,2,64.7,64.92,63.23
26,2,1,3,68.78,65.1,65.63
26,3,1,1,71.28,69.28,71
26,3,1,2,69.02,72.29,72.65
26,3,1,3,68.61,66.97,66.77
26,4,1,1,71.01,70.81,70.95
26,4,1,2,71.06,69.11,69.27
26,4,1,3,69.73,68.57,69.24
26,1,6,4,73.4,74.43,75.33
26,1,6,5,72.43,73.11,73.36
26,1,6,6,66.87,69.39,68.92
26,2,6,4,66.87,68.64,70.8
26,2,6,5,63.47,66.68,69.34
26,2,6,6,65.23,60.67,59.5
26,3,6,4,59.58,56.14,54.43
26,3,6,5,55.4,59.45,58.34
26,3,6,6,53.6,56.37,57.29
26,4,6,4,58.73,54.63,55.01
26,4,6,5,50.87,57.71,57.78
26,4,6,6,47.58,49.56,50.46
26,1,11,7,80.31,82.58,83.58
26,1,11,8,77.13,78.9,79.43
26,1,11,9,76.82,77.49,78.46
26,2,11,7,65.47,65.26,67.58
26,2,11,8,62.17,66.32,68.72
26,2,11,9,59.14,60.76,60.18
26,3,11,7,63.34,64.71,67.28
26,3,11,8,61.6,61.98,61.23
26,3,11,9,60.98,59.2,58.61
26,4,11,7,58.51,58.98,62.49
26,4,11,8,55.16,58.96,60.35
26,4,11,9,61.5,58.57,58.97
27,1,1,1,70.53,73.58,72.57
27,1,1,2,74.57,71.08,71.38
27,1,1,3,77.05,74.11,76.44
27,2,1,1,61,57.11,57
27,2,1,2,54.04,57.1,57.38
27,2,1,3,55.87,55.56,55.37
27,3,1,1,76.47,74.47,72.11
27,3,1,2,75.11,75.52,75.66
27,3,1,3,77.9,77.67,79.85
27,4,1,1,50.33,54.38,55.28
27,4,1,2,48.38,48.01,47.44
27,4,1,3,48.33,45.97,46.74
27,1,6,4,48.36,50.84,50.39
27,1,6,5,46.97,49.05,48.3
27,1,6,6,46.7,45.78,45.57
27,2,6,4,60.17,60.75,60.89
27,2,6,5,54.89,59.99,59.91
27,2,6,6,57.43,57.88,57.96
27,3,6,4,57.09,56.22,58.09
27,3,6,5,57.67,58.65,57.39
27,3,6,6,56.76,60.09,59.55
27,4,6,4,54.57,58.09,57.87
27,4,6,5,46.38,56.26,55.52
27,4,6,6,40.77,45.63,43.55
27,1,11,7,67.45,66.4,64.03
27,1,11,8,67.44,68.88,68.54
27,1,11,9,71.36,65.83,63.14
27,2,11,7,49.72,49.97,49.78
27,2,11,8,45.26,47.83,49.05
27,2,11,9,43.22,46.81,44.8
27,3,11,7,64.04,63.86,61.57
27,3,11,8,68.21,65.99,65.23
27,3,11,9,72.53,69.18,67.79
27,4,11,7,63.05,55.84,57.62
27,4,11,8,69.85,62.23,63.66
27,4,11,9,63.11,68.62,65.55
28,1,1,1,63.69,62.2,62.62
28,1,1,2,65.6,64.78,67.72
28,1,1,3,67.6,66.93,65.48
28,2,1,1,54.48,52.29,54.09
28,2,1,2,59.96,56.85,54.49
28,2,1,3,66.82,63.01,64.48
28,3,1,1,65.49,64.71,63.18
28,3,1,2,60.96,63.41,64.65
28,3,1,3,63.81,59.34,60.76
28,4,1,1,55.02,52,50.31
28,4,1,2,54.37,56.58,56.5
28,4,1,3,58.06,50.32,48.18
28,1,6,4,66.32,65.35,63.61
28,1,6,5,72.88,66.47,69.72
28,1,6,6,72.85,71.33,71.34
28,2,6,4,61.84,58.63,58.29
28,2,6,5,62.58,62.72,61.25
28,2,6,6,62.23,58.87,60.07
28,3,6,4,74.83,76.13,78.45
28,3,6,5,71.88,75.33,76.64
28,3,6,6,77.04,74.3,77.77
28,4,6,4,64.22,64.21,62.45
28,4,6,5,64.01,64.68,65.97
28,4,6,6,65.83,62.27,64.03
28,1,11,7,52.28,50.95,49.44
28,1,11,8,60.58,51.68,52.9
28,1,11,9,64.58,60.78,59.1
28,2,11,7,59.62,58.48,57.82
28,2,11,8,63.26,58.37,57.79
28,2,11,9,62.8,58.29,60.84
28,3,11,7,62.12,58.17,54.91
28,3,11,8,61.52,64.4,62.82
28,3,11,9,66.11,59.68,60.34
28,4,11,7,72.88,72.42,73.49
28,4,11,8,70.74,76.4,76.4
28,4,11,9,68.89,71.64,75.81
29,1,1,1,82.83,74.91,74.43
29,1,1,2,82.23,81.55,79.84
29,1,1,3,86.06,84.59,89.15
29,2,1,1,71.82,72.06,72.06
29,2,1,2,74.02,69.63,71.3
29,2,1,3,75.14,70.93,74.11
29,3,1,1,63.19,59.91,64.23
29,3,1,2,64.07,61.35,57.3
29,3,1,3,66.01,63.32,63.01
29,4,1,1,65.25,61.96,60.03
29,4,1,2,67.69,64.68,67.86
29,4,1,3,66.35,67.42,66.38
29,1,6,4,67.06,67.36,68.04
29,1,6,5,66.23,66.07,63.57
29,1,6,6,61.52,62.1,60.73
29,2,6,4,71.52,76.02,72.43
29,2,6,5,70.16,70.1,74.01
29,2,6,6,70.85,70.51,71.32
29,3,6,4,50.89,59.43,58.35
29,3,6,5,50.67,53.87,52.21
29,3,6,6,47.11,48.43,47.71
29,4,6,4,56.74,53.11,57.44
29,4,6,5,60.63,57.16,59.21
29,4,6,6,60.09,59.51,57.87
29,1,11,7,64.82,66.57,68.17
29,1,11,8,60.93,63.94,63.5
29,1,11,9,64,59.42,59.76
29,2,11,7,52.35,53.04,57.58
29,2,11,8,53.56,53.34,54.48
29,2,11,9,46.06,53.36,54.24
29,3,11,7,71.9,67.79,68.74
29,3,11,8,74.13,71.73,70.55
29,3,11,9,69.76,73.78,71.64
29,4,11,7,53.82,54.7,56.38
29,4,11,8,50.75,51.23,50.17
29,4,11,9,52.11,50.6,51.45
30,1,1,1,72.14,69.92,68.8
30,1,1,2,74.52,72.56,75.05
30,1,1,3,74.16,71.48,74.98
30,2,1,1,65.01,69.31,70.45
30,2,1,2,64.54,62.44,63.02
30,2,1,3,68.87,63.31,63.59
30,3,1,1,52.77,55.62,56.09
30,3,1,2,50.75,52.35,51.32
30,3,1,3,51.13,49.68,49.41
30,4,1,1,61.81,59.5,61.68
30,4,1,2,66.44,61.84,59.5
30,4,1,3,71.09,70.23,70.55
30,1,6,4,79.25,83,84.19
30,1,6,5,79.61,80.89,77.62
30,1,6,6,78.92,80.25,80.51
30,2,6,4,70.45,64.62,66.92
30,2,6,5,68.09,69.85,64.64
30,2,6,6,66.08,67.96,65.94
30,3,6,4,50.5,53.17,54.19
30,3,6,5,49.15,52.76,49.98
30,3,6,6,45.85,50.39,52.47
30,4,6,4,78.65,82.96,82.6
30,4,6,5,79.48,81.01,79.75
30,4,6,6,75.2,79.58,78.57
30,1,11,7,60.58,61.1,63.25
30,1,11,8,63.19,63.78,66.18
30,1,11,9,64.05,63.87,64.43
30,2,11,7,47.77,53.47,56.03
30,2,11,8,44.28,48.77,43.79
30,2,11,9,41.82,47.53,46.37
30,3,11,7,71.19,64.82,63.78
30,3,11,8,70.13,67.73,65.37
30,3,11,9,67.45,75.27,72.55
30,4,11,7,72.04,72.95,72.85
30,4,11,8,75.52,72.7,75.6
30,4,11,9,76.15,73.37,76.12
31,1,1,1,71.62,71.53,76.41
31,1,1,2,67.43,70.4,74.02
31,1,1,3,66,63.74,63.98
31,2,1,1,59.01,58.11,59.39
31,2,1,2,59.1,58.79,56.19
31,2,1,3,61.2,57.59,53.21
31,3,1,1,68.44,65.57,65.66
31,3,1,2,70.26,68.81,71.32
31,3,1,3,71.77,73.38,72.5
31,4,1,1,53.84,57.08,55.41
31,4,1,2,59.13,52.21,50.07
31,4,1,3,57.3,61.8,65.64
31,1,6,4,49.14,49.47,49.66
31,1,6,5,51.97,46.01,48.68
31,1,6,6,57.99,51.75,53.75
31,2,6,4,73.61,71.88,69.93
31,2,6,5,71.31,74.28,73.82
31,2,6,6,71.56,69.88,73.97
31,3,6,4,55.7,58.76,60.33
31,3,6,5,55.13,52.31,53.43
31,3,6,6,57.94,57.14,55.74
31,4,6,4,78.57,81.08,79.11
31,4,6,5,75.76,80.96,82.74
31,4,6,6,75.39,76.46,72.51
31,1,11,7,62.66,65.4,66.93
31,1,11,8,59.28,59.82,58.16
31,1,11,9,63.42,59.49,59.65
31,2,11,7,77.33,75.52,74.85
31,2,11,8,75.92,77.08,78
31,2,11,9,75.28,75.56,73.58
31,3,11,7,56.88,59.44,58.26
31,3,11,8,58.5,58.32,57.19
31,3,11,9,55.42,59.16,59.45
31,4,11,7,72.7,67.48,67.8
31,4,11,8,73.24,71.98,70.53
31,4,11,9,70.2,73.87,76.25
32,1,1,1,74.24,74.19,73.34
32,1,1,2,77.46,72.8,74.49
32,1,1,3,77.14,78.56,77.83
32,2,1,1,75.29,79.09,76.85
32,2,1,2,77.73,75.65,78.11
32,2,1,3,78.84,76.03,81
32,3,1,1,62.5,64.58,65.34
32,3,1,2,65.75,63.13,64.08
32,3,1,3,66.62,63.8,66.61
32,4,1,1,53.57,54.59,56.46
32,4,1,2,52.25,55.7,58.6
32,4,1,3,52.45,50.58,50.3
32,1,6,4,72.4,71.22,70.61
32,1,6,5,72.83,71.87,71.75
32,1,6,6,63.06,70.09,67.58
32,2,6,4,85.37,78.28,84.77
32,2,6,5,88.17,85.01,84.8
32,2,6,6,83.52,91.58,88.3
32,3,6,4,70.78,74.57,73.6
32,3,6,5,70.72,74.43,71.12
32,3,6,6,74.14,70.89,74.19
32,4,6,4,78.49,76.53,78.11
32,4,6,5,76.94,77.57,77.25
32,4,6,6,77.14,74.25,72.82
32,1,11,7,53.26,53.91,53.33
32,1,11,8,50.74,54.74,54.8
32,1,11,9,53.52,48.27,45.29
32,2,11,7,53.12,54.93,57.44
32,2,11,8,52.09,51.74,47.8
32,2,11,9,53.77,56.17,56.73
32,3,11,7,64.91,64.99,61.74
32,3,11,8,62.34,63.79,60.94
32,3,11,9,59.14,61.29,63.35
32,4,11,7,57.08,55.43,51.89
32,4,11,8,48.9,53.42,50.96
32,4,11,9,47.79,48.73,48.43
33,1,1,1,56.85,57.1,56.12
33,1,1,2,57.69,57.43,55.65
33,1,1,3,55.47,58.66,57.72
33,2,1,1,77.73,78.83,80.01
33,2,1,2,77.86,78.24,77.76
33,2,1,3,78.17,77.21,76.88
33,3,1,1,60.06,56.82,53.9
33,3,1,2,55.86,55.59,56.57
33,3,1,3,59.43,54.84,53.04
33,4,1,1,73.06,72.22,70.23
33,4,1,2,68.62,71.35,71.54
33,4,1,3,66.66,65.03,64.27
33,1,6,4,56.98,56.49,56.22
33,1,6,5,55.37,55.88,58.51
33,1,6,6,54.59,57.76,54.81
33,2,6,4,79.79,77.48,79.84
33,2,6,5,82.53,79.39,78.33
33,2,6,6,79.81,79.68,77.74
33,3,6,4,67.18,67.01,69.37
33,3,6,5,63.52,66.5,64.94
33,3,6,6,62.18,65.89,69.24
33,4,6,4,71.48,77.53,77.23
33,4,6,5,75.15,70.44,71.42
33,4,6,6,73.66,72.94,72.21
33,1,11,7,65.65,67.09,64.32
33,1,11,8,64.88,65.12,63
33,1,11,9,67.16,65.82,65.4
33,2,11,7,68.8,64.79,65.07
33,2,11,8,64.46,66.02,66.33
33,2,11,9,66.56,61.5,60.03
33,3,11,7,78.94,79.8,82.82
33,3,11,8,75.4,75.6,77.09
33,3,11,9,76.5,75.12,76.69
33,4,11,7,61.9,63.14,58.75
33,4,11,8,64.43,62.19,63.88
33,4,11,9,58.85,65.6,64
34,1,1,1,76.67,77.84,76.73
34,1,1,2,79.3,77.81,79.38
34,1,1,3,79.1,78.64,80.82
34,2,1,1,69.44,69.07,72.3
34,2,1,2,71.69,72.09,69.27
34,2,1,3,71.19,70.22,67.39
34,3,1,1,56.68,58.52,61.85
34,3,1,2,57.48,51.5,51.62
34,3,1,3,53.9,55.45,57.15
34,4,1,1,57.83,55.89,57.81
34,4,1,2,58.97,55.47,55.82
34,4,1,3,62.83,62.03,63.8
34,1,6,4,76.41,75.54,77.27
34,1,6,5,75.32,76.8,78.81
34,1,6,6,78.1,72.03,75.04
34,2,6,4,61.63,60.03,61.1
34,2,6,5,62.44,61.07,58.51
34,2,6,6,64.36,60.77,65.14
34,3,6,4,56.88,57.15,53.4
34,3,6,5,57.57,58.64,59.82
34,3,6,6,52.83,58.23,58.57
34,4,6,4,52.59,51.97,50.75
34,4,6,5,58.12,53.21,49.43
34,4,6,6,55.69,60.71,59.91
34,1,11,7,64.8,68.67,68.92
34,1,11,8,70.08,65.56,67.8
34,1,11,9,64.71,69.58,74.58
34,2,11,7,64.44,66.29,67.4
34,2,11,8,60.6,68.29,66.74
34,2,11,9,61.69,59.66,55.71
34,3,11,7,81.87,78,79.64
34,3,11,8,79.53,80.15,80.09
34,3,11,9,80,80.72,80.26
34,4,11,7,71.56,71.68,69.95
34,4,11,8,67.67,71.6,72.55
34,4,11,9,65.17,68.85,63.44
35,1,1,1,56.16,50.82,49.6
35,1,1,2,54.2,56.21,56.45
35,1,1,3,53.5,56.56,56.13
35,2,1,1,46.53,48.04,52.38
35,2,1,2,43.33,42.83,44.39
35,2,1,3,41.98,42.69,41.13
35,3,1,1,70.44,73.56,75.59
35,3,1,2,77.39,72.43,70.97
35,3,1,3,75.75,80.63,80.4
35,4,1,1,74.74,75.43,75.38
35,4,1,2,70.36,75.15,76.68
35,4,1,3,69.73,70.96,72.83
35,1,6,4,70.15,64.9,64.96
35,1,6,5,67.32,66.88,67.35
35,1,6,6,68.36,67.56,68.98
35,2,6,4,71.86,70.97,72.89
35,2,6,5,69.71,73.36,73.91
35,2,6,6,67.67,70.35,68.37
35,3,6,4,75.58,78.79,81.05
35,3,6,5,79.92,74.43,74.11
35,3,6,6,79.56,81.04,78.4
35,4,6,4,62.79,63.56,62.79
35,4,6,5,68.05,64.06,62.66
35,4,6,6,66.37,64.23,66.85
35,1,11,7,75.66,76.72,75
35,1,11,8,76.68,77.18,76.82
35,1,11,9,78.66,77.01,77.85
35,2,11,7,55.53,57.92,60.39
35,2,11,8,55.37,56.72,55.54
35,2,11,9,52.49,55.51,52.51
35,3,11,7,63.07,61.56,60.57
35,3,11,8,59.37,62.7,61.35
35,3,11,9,56.21,58.19,61.03
35,4,11,7,68.2,76.5,76.02
35,4,11,8,65.59,67.29,65.21
35,4,11,9,66.49,65.32,67.24
36,1,1,1,61.39,57.92,59.92
36,1,1,2,53.04,60.03,60.3
36,1,1,3,53.32,52.48,52.67
36,2,1,1,62.96,62.54,64.32
36,2,1,2,65.25,64.2,67.47
36,2,1,3,57,65.88,62.84
36,3,1,1,54.36,60.05,59.98
36,3,1,2,56.27,57,56.5
36,3,1,3,51.37,56.72,59.24
36,4,1,1,66.38,64.31,63.44
36,4,1,2,69,65.79,65.29
36,4,1,3,67.33,67.58,64.49
36,1,6,4,51.3,55.91,55.56
36,1,6,5,54.13,51.17,50.98
36,1,6,6,53.46,52.19,54.15
36,2,6,4,66.93,65.96,65.13
36,2,6,5,71.21,67.73,68.25
36,2,6,6,66.83,66.36,61.58
36,3,6,4,78.7,76.01,77.48
36,3,6,5,80.54,79.07,79.09
36,3,6,6,74.05,77.05,76.31
36,4,6,4,57.02,59.58,59.8
36,4,6,5,53.7,58.01,52.3
36,4,6,6,51.08,51.45,50.94
36,1,11,7,81.58,78.68,79.54
36,1,11,8,81.65,81.87,81.23
36,1,11,9,83.99,80.97,77.68
36,2,11,7,75.3,81.67,82.32
36,2,11,8,73.71,70.52,72.21
36,2,11,9,75.66,76.07,73.32
36,3,11,7,71.07,66.61,70.48
36,3,11,8,67.03,69.85,69.05
36,3,11,9,65.33,65.32,61.5
36,4,11,7,76.97,76.84,73.16
36,4,11,8,76.85,75.79,77.19
36,4,11,9,82.27,73.76,74.09
37,1,1,1,66.78,63.51,64.45
37,1,1,2,69.46,67.18,70.44
37,1,1,3,61.98,67.95,67.47
37,2,1,1,74.72,74.21,75.73
37,2,1,2,75.74,74.6,75.59
37,2,1,3,76.48,71.75,69.51
37,3,1,1,70.06,68.95,66.51
37,3,1,2,66.3,66.07,64.05
37,3,1,3,65.26,63.66,59.41
37,4,1,1,60.67,57.34,59.66
37,4,1,2,58.75,59.11,59.52
37,4,1,3,61.32,59.12,62.14
37,1,6,4,55.37,56.05,58.46
37,1,6,5,51.51,54.69,53.56
37,1,6,6,51.89,53.14,57.51
37,2,6,4,52.35,55.8,54.95
37,2,6,5,47.93,50.4,51.81
37,2,6,6,48.6,44.74,43.48
37,3,6,4,55.37,49.77,47.98
37,3,6,5,55.76,55.44,55.64
37,3,6,6,55.27,58.55,56.46
37,4,6,4,70.58,70.71,70.67
37,4,6,5,68.84,73.02,70.87
37,4,6,6,72.13,70.91,69.72
37,1,11,7,67.83,65.25,67.45
37,1,11,8,73.95,71.03,71.88
37,1,11,9,75.66,73.55,70.01
37,2,11,7,79.08,73.06,76.96
37,2,11,8,78.43,77.77,77.83
37,2,11,9,75.1,75.26,73.38
37,3,11,7,60.56,62.82,61.13
37,3,11,8,61.19,60.35,59.14
37,3,11,9,60.71,62.49,63.65
37,4,11,7,73.24,69.89,70.44
37,4,11,8,72.03,72.05,76.24
37,4,11,9,72.45,72.09,70.75
38,1,1,1,63.85,63.84,60.23
38,1,1,2,64.35,62.31,61.31
38,1,1,3,61.93,64.51,66.62
38,2,1,1,70.01,69.33,69.64
38,2,1,2,67.74,68.68,69.08
38,2,1,3,62.84,66.93,65.56
38,3,1,1,77.47,80.53,81.27
38,3,1,2,80.22,78.14,76.34
38,3,1,3,80.55,77.42,79.87
38,4,1,1,53.87,50.41,52.57
38,4,1,2,52.05,54.84,56.99
38,4,1,3,54.82,52.75,52.5
38,1,6,4,50.76,53.36,52.45
38,1,6,5,50.3,54.46,54.25
38,1,6,6,46.73,51.85,51.74
38,2,6,4,59.8,67.84,67.14
38,2,6,5,64.22,62.54,60.36
38,2,6,6,61.22,66.12,64.32
38,3,6,4,56.55,53.11,53.33
38,3,6,5,59.61,57.08,56.82
38,3,6,6,61.93,58.01,57.85
38,4,6,4,57.41,58.4,60.75
38,4,6,5,53.27,56.73,57.73
38,4,6,6,55.71,53.72,54.82
38,1,11,7,53.55,51.04,53.4
38,1,11,8,51.06,49.51,49.91
38,1,11,9,48.7,48.51,49.18
38,2,11,7,52.67,50.74,53.04
38,2,11,8,50.33,55.21,55.78
38,2,11,9,50.63,47.66,44.56
38,3,11,7,56.63,52.29,55.09
38,3,11,8,58.51,57.67,55.55
38,3,11,9,58.83,56.77,56.09
38,4,11,7,76.32,74.15,74.36
38,4,11,8,80.98,76.97,79.53
38,4,11,9,83.29,82.06,83.76
39,1,1,1,55.07,52.96,53.86
39,1,1,2,53.81,52.34,52.73
39,1,1,3,55.25,53.97,53.05
39,2,1,1,49.82,53.64,53.57
39,2,1,2,52.57,50.67,49.51
39,2,1,3,49.86,52.58,53.37
39,3,1,1,61.41,57.93,56.16
39,3,1,2,56.06,62.49,61.47
39,3,1,3,53.13,56.52,56.43
39,4,1,1,60.41,58.55,55.38
39,4,1,2,62.46,59.98,60.74
39,4,1,3,62.73,62.99,64.31
39,1,6,4,67.61,68.45,67.27
39,1,6,5,66.87,67.05,69.77
39,1,6,6,70.21,64.58,65.66
39,2,6,4,69.01,63.6,65.96
39,2,6,5,68.05,66.24,67.77
39,2,6,6,70.51,66.95,67.28
39,3,6,4,73.05,77.15,79.55
39,3,6,5,74.03,74.64,74.28
39,3,6,6,78.74,74.28,74.46
39,4,6,4,59.29,60.17,56.53
39,4,6,5,59.52,60.03,61.2
39,4,6,6,58.94,59.4,60.22
39,1,11,7,72.93,67.08,68.82
39,1,11,8,70.98,70.07,70.63
39,1,11,9,75.94,72.38,69.95
39,2,11,7,50.54,50.01,51.59
39,2,11,8,55.09,52.25,49.79
39,2,11,9,53.96,55.12,53.92
39,3,11,7,57.5,57.25,59.58
39,3,11,8,57.29,56.17,56.23
39,3,11,9,55.2,54.92,54.32
39,4,11,7,48.69,51.35,51.77
39,4,11,8,48.44,48.68,50.25
39,4,11,9,52.56,50.82,52.86
40,1,1,1,55.17,57.95,55.19
40,1,1,2,54.77,53.95,54.23
40,1,1,3,59.92,57.46,57.24
40,2,1,1,70.34,67.23,66.8
40,2,1,2,68.89,73.61,76.23
40,2,1,3,70.02,68.39,67.7
40,3,1,1,52.34,54.59,56.89
40,3,1,2,55.36,52.39,51.86
40,3,1,3,51.57,54.24,55.07
40,4,1,1,67.04,70.09,70.06
40,4,1,2,64.7,66.13,69.58
40,4,1,3,69.25,66.24,66.96
40,1,6,4,55.39,57.6,54.97
40,1,6,5,55.4,57.79,58.99
40,1,6,6,51.36,54.21,58.1
40,2,6,4,59.45,68.69,64.65
40,2,6,5,59.48,61.08,61.34
40,2,6,6,65.69,62.26,63.53
40,3,6,4,64.94,64.45,61.7
40,3,6,5,64.55,64.59,65.33
40,3,6,6,63.32,68.98,70.09
40,4,6,4,59.07,61.52,62.02
40,4,6,5,58.44,62.03,61.46
40,4,6,6,57.88,57.5,58.94
40,1,11,7,67.01,72.43,67.19
40,1,11,8,68.01,68.92,67.07
40,1,11,9,70.09,65.5,66.96
40,2,11,7,71.89,71.67,73.39
40,2,11,8,75.88,71.42,70.27
40,2,11,9,76.91,74.49,72.41
40,3,11,7,52.19,55.87,52.66
40,3,11,8,51.89,49.7,49.11
40,3,11,9,50.58,52.76,51.74
40,4,11,7,64.04,68.92,66.94
40,4,11,8,66.54,65.38,66.53
40,4,11,9,65.55,66.28,69.1
41,1,1,1,66.83,65.5,66.59
41,1,1,2,68.5,65.72,64.79
41,1,1,3,73.75,68.76,66.4
41,2,1,1,51.92,52.47,53.91
41,2,1,2,53.01,53.93,54.97
41,2,1,3,43.22,52.4,52.24
41,3,1,1,52.73,52.24,56.23
41,3,1,2,51.28,55.91,56.72
41,3,1,3,48.08,51.55,51.31
41,4,1,1,78.94,79.59,78
41,4,1,2,79.69,76.21,77.61
41,4,1,3,81.33,80.68,80.68
41,1,6,4,69.35,62.54,63.3
41,1,6,5,68.43,73.41,73.08
41,1,6,6,69.93,69.6,68.86
41,2,6,4,55.75,51.71,48.72
41,2,6,5,51.7,54.42,55.86
41,2,6,6,53.65,53.03,54.38
41,3,6,4,53.82,54.33,56.37
41,3,6,5,50.67,51.76,52.76
41,3,6,6,54.54,49.87,50.4
41,4,6,4,78.42,78.14,79.43
41,4,6,5,76.81,73.78,75.35
41,4,6,6,67.8,79.21,77.02
41,1,11,7,75.29,74.73,77.06
41,1,11,8,74.27,71.11,68.1
41,1,11,9,72.6,74.14,77.05
41,2,11,7,57.66,56.55,56.32
41,2,11,8,58.5,57.36,54.84
41,2,11,9,58.34,54.6,50.5
41,3,11,7,60.91,63.22,63.97
41,3,11,8,60.12,59.29,62.45
41,3,11,9,60.11,61.44,59.58
41,4,11,7,67.57,72.6,74.12
41,4,11,8,68.7,68.89,67.28
41,4,11,9,66.4,68.2,70.84
42,1,1,1,61.06,59.52,56.86
42,1,1,2,61.22,60.67,57.25
42,1,1,3,61.4,63.23,65.8
42,2,1,1,55.62,53.7,54.88
42,2,1,2,52.72,51.8,51.98
42,2,1,3,50.69,51.21,53.91
42,3,1,1,66.24,65.79,64.03
42,3,1,2,70.86,67.42,67.1
42,3,1,3,70.98,69.23,68.66
42,4,1,1,61.96,55.83,50.58
42,4,1,2,65.98,63.02,63.31
42,4,1,3,71.05,70.67,72.41
42,1,6,4,50.83,53.53,54.07
42,1,6,5,47.49,49.17,46.44
42,1,6,6,43.7,42.34,41.73
42,2,6,4,80.53,75.4,81.55
42,2,6,5,77.8,78.04,78.5
42,2,6,6,77.75,75.77,73.09
42,3,6,4,51.97,54.66,55.89
42,3,6,5,49.42,51.14,52.03
42,3,6,6,51.14,51.83,53.05
42,4,6,4,53.82,55.46,56.72
42,4,6,5,54.53,52.28,55.49
42,4,6,6,51.05,55.8,54.16
42,1,11,7,61.04,62.06,60.74
42,1,11,8,58.76,59.1,61.52
42,1,11,9,54.44,57.9,58.66
42,2,11,7,56.42,51.64,52.93
42,2,11,8,56.37,55.43,53.12
42,2,11,9,59.48,54.72,53.69
42,3,11,7,66.53,67.58,69.3
42,3,11,8,68.79,64.26,65.11
42,3,11,9,69.95,70.57,71.31
42,4,11,7,75.97,70.42,71.59
42,4,11,8,74.79,76.87,75.87
42,4,11,9,74.03,75.26,72.68
43,1,1,1,66.42,60.02,59.53
43,1,1,2,68.94,68.21,70.15
43,1,1,3,67.98,68.2,67.65
43,2,1,1,83.08,79.62,79.63
43,2,1,2,85.07,85.05,82.25
43,2,1,3,82.76,84.66,84.83
43,3,1,1,70.1,65.21,66.78
43,3,1,2,68.61,69.3,70.28
43,3,1,3,67.23,71.67,72.4
43,4,1,1,70.7,68.4,68.01
43,4,1,2,69.91,70.6,71.61
43,4,1,3,69.96,67.85,67.6
43,1,6,4,76.78,75.39,77.05
43,1,6,5,74.8,75.96,78.02
43,1,6,6,71.42,73.34,67.68
43,2,6,4,59.63,65.91,62.97
43,2,6,5,61.95,62.39,62.62
43,2,6,6,62.35,57.51,55.11
43,3,6,4,64.13,58.62,59.18
43,3,6,5,63.93,66.07,66.24
43,3,6,6,64.59,69.96,71.22
43,4,6,4,57.27,55.35,55.12
43,4,6,5,58.86,55.96,55.86
43,4,6,6,59.13,65.09,66.71
43,1,11,7,51.42,54.7,51.98
43,1,11,8,55.18,49.76,52.45
43,1,11,9,54.9,54.55,57.01
43,2,11,7,81.98,78.75,81.94
43,2,11,8,82.12,82,81.52
43,2,11,9,87,81.1,76.89
43,3,11,7,73.26,77.4,77.78
43,3,11,8,67.08,72.84,67.9
43,3,11,9,66.08,63.43,65.52
43,4,11,7,77.17,72.38,69.91
43,4,11,8,80.11,78.63,79.7
43,4,11,9,80.84,84.9,89.27
44,1,1,1,63.88,64.97,66.9
44,1,1,2,63.03,64.14,67.16
44,1,1,3,60.3,63,59.39
44,2,1,1,75.53,71.9,73.35
44,2,1,2,72.04,76.21,75.67
44,2,1,3,71.49,69.8,71.22
44,3,1,1,48.22,53.31,52.53
44,3,1,2,43.36,47.34,43.54
44,3,1,3,44.48,43.64,44.1
44,4,1,1,62.83,63.96,61.61
44,4,1,2,63.3,64.05,60.94
44,4,1,3,66.51,63.5,63.58
44,1,6,4,70.25,76.72,80.83
44,1,6,5,69.19,70.7,70.87
44,1,6,6,67.4,70.18,70.26
44,2,6,4,63.68,66.5,62.86
44,2,6,5,62.91,60.9,64.31
44,2,6,6,59.62,62.21,63.99
44,3,6,4,79.04,80.08,78.88
44,3,6,5,82.36,77.7,79.11
44,3,6,6,83.27,83.33,85.45
44,4,6,4,53.97,55.12,52.98
44,4,6,5,54.48,53.01,58.09
44,4,6,6,54.86,51.67,51.4
44,1,11,7,61.75,64.23,67.33
44,1,11,8,57.48,58.43,57.78
44,1,11,9,57.05,56.18,57.4
44,2,11,7,49.99,48.64,48.94
44,2,11,8,51.85,50.86,52.55
44,2,11,9,51.73,52.76,49.6
44,3,11,7,76.68,74.47,73.35
44,3,11,8,79.18,75.43,74.58
44,3,11,9,82.21,79.57,81.96
44,4,11,7,74.06,74.29,78.85
44,4,11,8,71.66,75.1,74.04
44,4,11,9,80.46,71.63,71.91
45,1,1,1,60.17,50.47,49.12
45,1,1,2,64.55,61.47,59.71
45,1,1,3,60.09,62.57,61.46
45,2,1,1,66.51,61.2,62.3
45,2,1,2,64.36,63.91,60.21
45,2,1,3,63.12,64.39,64.83
45,3,1,1,79.39,76.03,73.24
45,3,1,2,77.77,79.75,80.26
45,3,1,3,75.46,76.16,71.25
45,4,1,1,59.6,61.93,63.99
45,4,1,2,58.3,57.91,59.76
45,4,1,3,60.27,57.28,57.58
45,1,6,4,65.44,62.59,65.05
45,1,6,5,67.03,68.22,69.67
45,1,6,6,65.16,68.55,67.76
45,2,6,4,50.33,52.71,53.29
45,2,6,5,54.8,49.31,46.91
45,2,6,6,51.93,54.82,54.38
45,3,6,4,67.01,67.19,67.53
45,3,6,5,72.35,66.06,67.12
45,3,6,6,73.62,70.88,74.21
45,4,6,4,68.09,64,61.21
45,4,6,5,68.27,68.45,70.13
45,4,6,6,69.86,66.58,68.08
45,1,11,7,67.43,64.24,65.26
45,1,11,8,69.38,67.04,67.66
45,1,11,9,67.75,68.58,70.21
45,2,11,7,58.27,61.19,59.55
45,2,11,8,52.76,57.45,55.97
45,2,11,9,52.55,56.81,59.31
45,3,11,7,74.69,75.28,77.61
45,3,11,8,72.3,75.61,74.89
45,3,11,9,73.2,71.09,72.56
45,4,11,7,66.65,59.53,62.11
45,4,11,8,64.74,64.25,65.65
45,4,11,9,60.99,66.31,63.37
46,1,1,1,67.25,67.66,65.5
46,1,1,2,72.33,69.96,71.61
46,1,1,3,74.82,74.58,73.53
46,2,1,1,67.63,68.91,65.92
46,2,1,2,68.86,70.27,69.94
46,2,1,3,70.58,70.38,71.77
46,3,1,1,54.03,54.49,52.52
46,3,1,2,53.4,54.54,52.9
46,3,1,3,54.98,50.4,49.7
46,4,1,1,55.26,50.77,50.23
46,4,1,2,52.72,53.65,54.03
46,4,1,3,51.25,52.2,49.18
46,1,6,4,79,76.03,75.13
46,1,6,5,76.25,79.19,79.54
46,1,6,6,71.81,76.1,78.37
46,2,6,4,65.2,65.34,64.26
46,2,6,5,63.57,65.71,68.1
46,2,6,6,60.56,62.57,61.54
46,3,6,4,71.78,74.66,74.04
46,3,6,5,74.39,71.12,71.79
46,3,6,6,76.71,73.89,71.48
46,4,6,4,56.17,61.81,61.26
46,4,6,5,56.43,52.17,52.24
46,4,6,6,60.28,57.18,57.51
46,1,11,7,72.43,73.12,69.91
46,1,11,8,69.73,68.51,67.25
46,1,11,9,68.49,68.35,68.43
46,2,11,7,63.3,63.28,66
46,2,11,8,59.82,62.32,65.5
46,2,11,9,58.28,57.57,55.38
46,3,11,7,59.02,56.75,60.46
46,3,11,8,60.44,59.06,58.01
46,3,11,9,62.6,61.76,59.62
46,4,11,7,52.96,52.37,54.05
46,4,11,8,49.44,55.66,52.63
46,4,11,9,47.9,45.08,43.68
47,1,1,1,58.46,58.99,56.03
47,1,1,2,58.59,57.95,56.7
47,1,1,3,55.75,58.72,57.09
47,2,1,1,54.62,52.24,53.31
47,2,1,2,49.34,52.91,52.93
47,2,1,3,53.54,51.64,51.23
47,3,1,1,58.62,56.96,55.61
47,3,1,2,54.61,57.08,55.81
47,3,1,3,52.2,55.98,55.87
47,4,1,1,65.08,64.51,66.36
47,4,1,2,68.09,64.72,66.04
47,4,1,3,62.45,68.05,66.51
47,1,6,4,57.41,54.26,55.85
47,1,6,5,55.08,58.13,52.92
47,1,6,6,52.9,53.69,51.78
47,2,6,4,81.19,75.07,72.37
47,2,6,5,79.56,81.83,79.01
47,2,6,6,77,79.78,83.19
47,3,6,4,69.78,68.12,70.29
47,3,6,5,67.5,68.06,64.1
47,3,6,6,70.99,67.47,70.65
47,4,6,4,75.79,74.85,74.2
47,4,6,5,76.04,78.82,79.59
47,4,6,6,80.48,75.04,74.7
47,1,11,7,66.6,64.64,60.38
47,1,11,8,69.24,68.67,68.75
47,1,11,9,65.49,70.3,70.06
47,2,11,7,57.47,55.73,54.91
47,2,11,8,59.29,56.71,60.88
47,2,11,9,56.26,56.74,56.48
47,3,11,7,69.04,69.56,68.75
47,3,11,8,70.01,70.27,71.74
47,3,11,9,68.47,70.6,71.18
47,4,11,7,62.2,60.61,60.15
47,4,11,8,64.51,62.47,63.93
47,4,11,9,60.64,65.03,67.42
48,1,1,1,49.29,52.05,51.21
48,1,1,2,43.76,51.74,52.97
48,1,1,3,41.05,42.42,40.86
48,2,1,1,56.92,57.47,59.71
48,2,1,2,60.61,56.56,56.34
48,2,1,3,61.17,59.11,61.74
48,3,1,1,77.94,79.71,82.31
48,3,1,2,78.28,77.93,77.87
48,3,1,3,80.21,79.16,77.33
48,4,1,1,66.2,64.35,66.8
48,4,1,2,71.34,65.47,62.12
48,4,1,3,75.51,72.28,71.3
48,1,6,4,73.41,72.28,70.81
48,1,6,5,73.84,73.34,74.88
48,1,6,6,71.75,70.16,63.92
48,2,6,4,59.28,56.88,56.94
48,2,6,5,61.25,61.46,62.84
48,2,6,6,58.85,59.25,59.24
48,3,6,4,59.74,53.69,51.44
48,3,6,5,56.47,57.57,57.59
48,3,6,6,58.72,57.06,54.51
48,4,6,4,72.07,76.22,78.56
48,4,6,5,74.02,70.78,65.31
48,4,6,6,74.27,77.1,75.99
48,1,11,7,52.09,53.18,54.18
48,1,11,8,52.8,50.32,52.64
48,1,11,9,53.38,49.92,51.29
48,2,11,7,63.05,61.83,62.66
48,2,11,8,64.57,60.5,59.75
48,2,11,9,70.17,64.65,65.97
48,3,11,7,76.19,77.41,75.32
48,3,11,8,76.56,78.13,76.58
48,3,11,9,75.08,74.69,72.32
48,4,11,7,65.02,64.17,62.29
48,4,11,8,67.34,68.45,68.26
48,4,11,9,68.87,69.24,67.62
49,1,1,1,79.08,79.08,78.14
49,1,1,2,81.85,78.86,80.77
49,1,1,3,85.03,81.26,78.33
49,2,1,1,52.22,54.28,55.86
49,2,1,2,52.78,46.55,49.27
49,2,1,3,55.85,49.29,48.08
49,3,1,1,65.09,71.02,73.05
49,3,1,2,59.96,64.5,64.29
49,3,1,3,58.91,59.41,61.15
49,4,1,1,60.04,64.77,64.78
49,4,1,2,61.16,59.07,56.19
49,4,1,3,65.04,62.59,59.13
49,1,6,4,70.68,67.42,71.56
49,1,6,5,66.63,63.6,64.51
49,1,6,6,65.37,64.46,64.71
49,2,6,4,54.21,55.08,53.07
49,2,6,5,56.93,53.08,50.1
49,2,6,6,55.52,55.93,53.4
49,3,6,4,60.62,55.65,55.71
49,3,6,5,62.76,64.63,65.2
49,3,6,6,64.06,61.67,60.92
49,4,6,4,80.71,78.53,78.32
49,4,6,5,80.77,80.66,80.22
49,4,6,6,73.9,79.57,78.88
49,1,11,7,72.88,69.14,70.85
49,1,11,8,72.74,72.35,68.74
49,1,11,9,72.31,73,72.31
49,2,11,7,73.88,74.66,75.56
49,2,11,8,72.26,74.99,71.18
49,2,11,9,71.52,75.71,74.17
49,3,11,7,64.78,69.46,64.65
49,3,11,8,64.93,62.56,62.77
49,3,11,9,63.6,64.82,64.05
49,4,11,7,57.88,54.27,55.43
49,4,11,8,58.43,56.62,56.82
49,4,11,9,53.25,56.44,56.49
50,1,1,1,67.89,66.58,66.47
50,1,1,2,67.91,69.4,66.91
50,1,1,3,63.31,63.37,62.96
50,2,1,1,62.41,63.59,64.73
50,2,1,2,62.43,61.38,63.08
50,2,1,3,58.24,63.46,61.5
50,3,1,1,47.52,50.53,54.48
50,3,1,2,50.18,53.19,52.41
50,3,1,3,47.12,49.04,47.8
50,4,1,1,66.8,68.41,69.31
50,4,1,2,63.4,66.86,68.25
50,4,1,3,69.33,62.03,62.95
50,1,6,4,87.71,81.52,79.81
50,1,6,5,80.57,82.92,82.27
50,1,6,6,81.43,84.27,83.74
50,2,6,4,52.09,52.15,58.35
50,2,6,5,53.12,53.11,51.81
50,2,6,6,58.22,52.64,51.82
50,3,6,4,66.27,66.08,68.47
50,3,6,5,64.87,61.59,59.01
50,3,6,6,63.03,65.45,66.8
50,4,6,4,69.41,68.64,63.77
50,4,6,5,65.08,67.78,68.13
50,4,6,6,65.69,64.55,64.62
50,1,11,7,75.58,69.32,68.77
50,1,11,8,74.99,73.68,70.15
50,1,11,9,77.52,75.61,76.95
50,2,11,7,61.29,65.68,63.22
50,2,11,8,56.61,62,59.61
50,2,11,9,53.57,52.37,53.81
50,3,11,7,60.56,60.82,61.65
50,3,11,8,65.41,61.81,60
50,3,11,9,61.34,63.61,58.69
50,4,11,7,63.26,58.77,61.25
50,4,11,8,60.58,62.59,59
50,4,11,9,57.74,59.38,58.06
51,1,1,1,54.22,59.06,57.27
51,1,1,2,60.7,56.67,57.65
51,1,1,3,61.11,62.27,59.73
51,2,1,1,58.07,61.08,62.43
51,2,1,2,55.34,55.11,58.46
51,2,1,3,52.72,53.67,49.14
51,3,1,1,79.03,74.63,71.74
51,3,1,2,83.91,78.26,80.64
51,3,1,3,77.02,85.96,84.89
51,4,1,1,68.29,65.54,65.24
51,4,1,2,66.89,66.5,65.72
51,4,1,3,62.53,61.09,64.43
51,1,6,4,62.54,62.83,63.77
51,1,6,5,58.83,62.73,59.42
51,1,6,6,58.59,61.01,61.43
51,2,6,4,71.44,71.03,73.54
51,2,6,5,66.73,72.72,72.89
51,2,6,6,66.81,65.01,66.35
51,3,6,4,73.25,75.62,73.82
51,3,6,5,72.19,74.94,76.44
51,3,6,6,80.53,71.88,70.8
51,4,6,4,67.83,72.42,74.87
51,4,6,5,65.76,70.32,74.78
51,4,6,6,61.74,67.3,67.3
51,1,11,7,72.97,77.16,78.51
51,1,11,8,69.82,69.53,67.06
51,1,11,9,71.77,70.09,68.79
51,2,11,7,72.45,70.06,69.82
51,2,11,8,70.48,71.56,75.67
51,2,11,9,68.05,74.69,74.76
51,3,11,7,64.35,67.06,68.65
51,3,11,8,70.04,65,65.01
51,3,11,9,66.31,69.82,69.06
51,4,11,7,75.03,72.67,75.98
51,4,11,8,72.42,75.51,76.48
51,4,11,9,75.7,75.67,79.65
52,1,1,1,64.85,62.85,66.35
52,1,1,2,62.16,66.36,68.24
52,1,1,3,61.06,62.77,60.3
52,2,1,1,67.3,71.39,72.32
52,2,1,2,63.33,65.07,63.81
52,2,1,3,65.31,62.23,61.8
52,3,1,1,58.91,53.54,52.45
52,3,1,2,58.97,58.53,56.18
52,3,1,3,62.23,59.24,63.16
52,4,1,1,64.75,63.82,64.32
52,4,1,2,65.69,69.74,69.19
52,4,1,3,61.69,65.92,68.06
52,1,6,4,49.38,51.6,50.77
52,1,6,5,46.03,45.57,44.12
52,1,6,6,45.09,46.33,50.26
52,2,6,4,69.72,65.71,67.35
52,2,6,5,77.57,71.62,74.06
52,2,6,6,76.08,76.86,77.08
52,3,6,4,74.13,68.85,68.87
52,3,6,5,74.53,71.44,72.95
52,3,6,6,78.19,76.9,75.51
52,4,6,4,68.81,66.15,71.44
52,4,6,5,68.05,68.91,70.36
52,4,6,6,69.21,72.82,73.18
52,1,11,7,70.06,70.17,67.98
52,1,11,8,71.17,71.12,72.45
52,1,11,9,67.98,69.5,72.98
52,2,11,7,62.83,60.92,58.25
52,2,11,8,67.87,65.93,66.57
52,2,11,9,66.94,68.13,67.94
52,3,11,7,56.06,55.58,55.39
52,3,11,8,57.6,57.6,57.67
52,3,11,9,60.12,58.39,58.88
52,4,11,7,65.98,66.03,63.74
52,4,11,8,64.11,66.44,65.01
52,4,11,9,64.9,64.58,62.31
53,1,1,1,67.53,71.39,67.65
53,1,1,2,70.66,68.24,66.51
53,1,1,3,67.79,68.75,69.66
53,2,1,1,60.89,63.53,65.18
53,2,1,2,60.85,61.99,61.3
53,2,1,3,61.29,61.14,59.62
53,3,1,1,58.69,63.65,66.19
53,3,1,2,58.26,60.34,58.7
53,3,1,3,56,58.33,61.96
53,4,1,1,59.12,61.4,63.58
53,4,1,2,58.09,59.21,61.12
53,4,1,3,60.09,58,57.96
53,1,6,4,61.11,62.91,67.33
53,1,6,5,63.08,58.25,60.83
53,1,6,6,60.29,62.1,60.87
53,2,6,4,54.57,52.52,53.97
53,2,6,5,54.35,54.25,52.42
53,2,6,6,55.77,51.22,51.51
53,3,6,4,57.78,58,54.46
53,3,6,5,53.67,61.2,62.63
53,3,6,6,59.15,50.98,50.19
53,4,6,4,69.47,68.88,70.81
53,4,6,5,68.69,66.02,69.92
53,4,6,6,71.76,67.19,68.02
53,1,11,7,77.07,72.89,72.85
53,1,11,8,71.92,78.41,78.33
53,1,11,9,68.31,68.32,65.16
53,2,11,7,52.09,55.15,54.04
53,2,11,8,51.18,56.67,60.41
53,2,11,9,52.67,54.35,53.55
53,3,11,7,51.09,55.94,52.22
53,3,11,8,48.12,52.21,49
53,3,11,9,51.39,45.95,45.33
53,4,11,7,63.64,63.28,65.68
53,4,11,8,65.89,63.47,67.23
53,4,11,9,66.24,65.23,62.38
54,1,1,1,61.35,57.16,59.73
54,1,1,2,54.64,61.31,63.35
54,1,1,3,60.13,56.22,53.98
54,2,1,1,71.76,69.23,68.02
54,2,1,2,67.37,72.84,74.12
54,2,1,3,66.87,69.38,68.24
54,3,1,1,57.6,61.69,63.87
54,3,1,2,58.38,56.8,58.31
54,3,1,3,58.67,57.61,55.41
54,4,1,1,71.94,69.89,69.57
54,4,1,2,71.73,70.74,71.02
54,4,1,3,74.38,73.67,75.6
54,1,6,4,60.91,52.96,52.19
54,1,6,5,58.9,59.38,59.22
54,1,6,6,58.34,56.82,57.66
54,2,6,4,55.94,56.43,56.66
54,2,6,5,55.31,57.78,59.82
54,2,6,6,56.49,54.07,51.99
54,3,6,4,68.25,64.5,65.83
54,3,6,5,71.21,67.8,68.7
54,3,6,6,68.08,69.71,67.89
54,4,6,4,53.5,57.5,57.05
54,4,6,5,48.88,55.42,57.68
54,4,6,6,51.91,50.84,49.22
54,1,11,7,74.22,74.95,73.38
54,1,11,8,77.93,72.05,71.74
54,1,11,9,78.14,76.29,80.7
54,2,11,7,79.8,77.21,76.43
54,2,11,8,77.29,78.81,75.99
54,2,11,9,78.67,78.53,81.31
54,3,11,7,60.4,58.04,59.47
54,3,11,8,58.62,59.93,59.37
54,3,11,9,57.38,57.82,59.68
54,4,11,7,53.92,56.64,56.35
54,4,11,8,52.67,53.98,54.13
54,4,11,9,51.06,55.22,52.88
55,1,1,1,66.38,68.6,70.24
55,1,1,2,59.97,65.7,64.5
55,1,1,3,64.07,56.51,60.31
55,2,1,1,71.96,69.42,68.4
55,2,1,2,73.05,74.74,78.32
55,2,1,3,69.6,68.45,66.8
55,3,1,1,57.58,57.04,55.69
55,3,1,2,54.38,57.86,62.06
55,3,1,3,53.8,54.44,55.3
55,4,1,1,65.89,64.87,63.84
55,4,1,2,66.67,66.77,69.3
55,4,1,3,68.14,63.83,65.51
55,1,6,4,67.82,63.05,66.5
55,1,6,5,65.24,65.97,64.64
55,1,6,6,61.24,61.57,62.09
55,2,6,4,71.25,70.24,69.51
55,2,6,5,71.96,72.29,74.97
55,2,6,6,72.57,72.57,71.69
55,3,6,4,60.18,61.98,63.04
55,3,6,5,64.35,59.45,61.39
55,3,6,6,63.99,65.34,65.06
55,4,6,4,58.94,58.66,61.27
55,4,6,5,56.26,57.84,58.86
55,4,6,6,56.6,59.26,61.97
55,1,11,7,71.32,78.45,76.42
55,1,11,8,70.39,70.61,69.63
55,1,11,9,72.17,69.13,72.79
55,2,11,7,72.53,73.08,69.28
55,2,11,8,74.14,69.77,71.57
55,2,11,9,71.73,72.34,70.81
55,3,11,7,60.26,57.3,58.77
55,3,11,8,56.22,59.61,56.34
55,3,11,9,58.73,55.18,52.69
55,4,11,7,57.84,56.33,54.93
55,4,11,8,56.52,57.08,54.54
55,4,11,9,58.94,57.72,55.3
56,1,1,1,52.57,53.51,52.81
56,1,1,2,54.45,51.88,47.74
56,1,1,3,53.45,60.17,60.77
56,2,1,1,71.96,69.93,69.44
56,2,1,2,69.05,73.35,69.29
56,2,1,3,76.56,68.38,69.79
56,3,1,1,54.57,58.9,58.45
56,3,1,2,56.74,54.95,58.59
56,3,1,3,59.08,57.82,60.27
56,4,1,1,68.59,68.76,68.63
56,4,1,2,70.41,71.05,68.63
56,4,1,3,68.96,67.67,69.8
56,1,6,4,59.38,57.65,58.07
56,1,6,5,54.61,57.99,60.6
56,1,6,6,56.06,52.53,55.12
56,2,6,4,74.24,77.35,71.94
56,2,6,5,72.82,73.54,73.39
56,2,6,6,74.76,74.43,76.67
56,3,6,4,62.3,64.24,64.26
56,3,6,5,60.71,62.7,63.86
56,3,6,6,60.77,61.45,63.61
56,4,6,4,77.1,74.99,73.62
56,4,6,5,75.06,75.2,76.59
56,4,6,6,66.33,73.02,73.58
56,1,11,7,65.9,61.19,64.33
56,1,11,8,67.1,65.09,66.33
56,1,11,9,63.27,64.9,64.87
56,2,11,7,67.05,64.55,64.33
56,2,11,8,67.25,68.42,71.23
56,2,11,9,72.67,69.95,69.56
56,3,11,7,77.15,72.25,70.07
56,3,11,8,77.7,78.18,75.59
56,3,11,9,80.28,78.71,78.64
56,4,11,7,50.91,52.17,56.46
56,4,11,8,49.67,51.22,53.54
56,4,11,9,43.59,47.65,48.16
57,1,1,1,50.59,52.3,51.48
57,1,1,2,42.05,49.58,51.68
57,1,1,3,43.97,41.43,44.52
57,2,1,1,50.79,55.93,55.5
57,2,1,2,46.19,53.73,52.48
57,2,1,3,45.23,48.85,47.84
57,3,1,1,68.09,68.31,62.96
57,3,1,2,69.07,66.1,65.2
57,3,1,3,72.33,69.96,69.95
57,4,1,1,51.64,49.31,47.73
57,4,1,2,48.89,53,54.93
57,4,1,3,50.95,53.29,54.82
57,1,6,4,66.65,63.04,66.8
57,1,6,5,58.6,63.41,61.58
57,1,6,6,62.21,56.42,56.13
57,2,6,4,55.57,55.32,52.18
57,2,6,5,52.67,54.78,53.26
57,2,6,6,48.57,51.88,52.65
57,3,6,4,51.13,51.29,48.1
57,3,6,5,48.64,50.9,47.74
57,3,6,6,44.93,49.83,47.56
57,4,6,4,71.46,70.02,72.24
57,4,6,5,69.28,71.97,71.28
57,4,6,6,74.78,69.95,68.86
57,1,11,7,79.67,79.1,77.21
57,1,11,8,79.41,79.43,79.89
57,1,11,9,78.17,78.86,79.83
57,2,11,7,61.27,62.43,60.99
57,2,11,8,61.34,58.77,58.34
57,2,11,9,60,62.75,63.23
57,3,11,7,70.16,69.9,69.73
57,3,11,8,70.83,70.78,70.25
57,3,11,9,71.03,67.68,67.84
57,4,11,7,53.79,53.07,54.5
57,4,11,8,52.31,53.82,54.11
57,4,11,9,48.79,50.46,46.95
58,1,1,1,56.5,59.97,60.33
58,1,1,2,59.36,55.32,57.94
58,1,1,3,58.69,57.12,59.45
58,2,1,1,70.94,76.99,72.55
58,2,1,2,69.03,70.44,68.11
58,2,1,3,68.77,69.1,72.02
58,3,1,1,71.2,71.86,72.34
58,3,1,2,75.39,70.52,70.94
58,3,1,3,74.34,73.73,72.93
58,4,1,1,80.42,78.35,81.83
58,4,1,2,82.31,81.56,83.73
58,4,1,3,83.71,77.33,76.33
58,1,6,4,56.41,62.15,60.75
58,1,6,5,55.55,53.26,52.32
58,1,6,6,55.72,58.36,59.33
58,2,6,4,78.55,77.68,79.31
58,2,6,5,75.35,84.42,82.36
58,2,6,6,69.93,74.57,71.43
58,3,6,4,59.58,59.93,59.08
58,3,6,5,55.91,58.59,57.61
58,3,6,6,57,55.73,55.38
58,4,6,4,48.94,57.22,53.34
58,4,6,5,55.61,49.64,50.62
58,4,6,6,55.48,55.93,57.57
58,1,11,7,75.44,75.63,80.58
58,1,11,8,78.77,71.13,69.23
58,1,11,9,79.01,80.21,81.06
58,2,11,7,63.32,59.86,57.67
58,2,11,8,66.62,65.06,65.71
58,2,11,9,66.99,66.29,68.69
58,3,11,7,48.41,47.56,48.99
58,3,11,8,53.02,49.82,52.06
58,3,11,9,53.06,49.78,48.38
58,4,11,7,69.49,64.82,67.9
58,4,11,8,66.91,68.92,71.38
58,4,11,9,70.26,65.09,60.39
59,1,1,1,61.36,63.72,62.75
59,1,1,2,58.95,60.19,57.34
59,1,1,3,63.05,55.31,57.68
59,2,1,1,49.02,51.45,47.52
59,2,1,2,54.77,49.01,47.92
59,2,1,3,57.56,58.44,56.7
59,3,1,1,54.52,57.55,55.3
59,3,1,2,59.78,53.67,54.26
59,3,1,3,54.69,58.81,59.73
59,4,1,1,67.41,69.69,68.53
59,4,1,2,72.29,66.14,65
59,4,1,3,73.89,70.58,75.47
59,1,6,4,81.46,77.3,82.22
59,1,6,5,84.21,81.71,80.69
59,1,6,6,88.31,82.64,80.89
59,2,6,4,64.3,65.16,65.46
59,2,6,5,61.69,63.07,64.86
59,2,6,6,64.71,65.38,69.25
59,3,6,4,72.54,72.53,72.44
59,3,6,5,72.6,73.96,75.95
59,3,6,6,70.88,71.27,74.38
59,4,6,4,55.59,56.13,57.24
59,4,6,5,55.26,54.99,51.73
59,4,6,6,54.36,55.17,53.71
59,1,11,7,49.86,56.08,59.17
59,1,11,8,46.33,46.05,46.1
59,1,11,9,46.07,43.94,43.98
59,2,11,7,53.32,54.22,52.8
59,2,11,8,52.17,51.88,49.63
59,2,11,9,51.54,49.22,51.12
59,3,11,7,54.83,56.08,57.27
59,3,11,8,51.7,52.87,51.81
59,3,11,9,53.13,52.49,49.18
59,4,11,7,56.91,53.56,52.18
59,4,11,8,53.99,59.05,56.48
59,4,11,9,56.64,59.11,62.61
60,1,1,1,51.84,54.06,54.67
60,1,1,2,51.97,55.27,53.2
60,1,1,3,55.88,49.81,49.85
60,2,1,1,57.71,57.47,57.96
60,2,1,2,62.94,59.46,60.42
60,2,1,3,58.5,62.02,61.16
60,3,1,1,77.93,77.96,75.39
60,3,1,2,74.04,81.22,83.23
60,3,1,3,76.47,72.77,72.28
60,4,1,1,56.21,57.21,54.28
60,4,1,2,55,54.22,50.71
60,4,1,3,57.8,58.61,63.94
60,1,6,4,76.16,77.8,76.61
60,1,6,5,77.09,77.33,77.79
60,1,6,6,75.83,75.58,79.47
60,2,6,4,70.09,70.63,68.5
60,2,6,5,76.13,73.91,76.24
60,2,6,6,79.29,76.18,76.82
60,3,6,4,56.31,48.95,52.37
60,3,6,5,56.55,58.01,59.32
60,3,6,6,53.15,57.33,55.66
60,4,6,4,60.95,53.45,50.65
60,4,6,5,62.67,60.91,60.79
60,4,6,6,67.04,64.6,66.49
60,1,11,7,58.06,58.76,57.76
60,1,11,8,55.38,58.06,57.23
60,1,11,9,54.35,53.87,54.15
60,2,11,7,80.41,78.43,79.85
60,2,11,8,86.28,83.63,86.34
60,2,11,9,87.65,89.17,89.75
60,3,11,7,79.18,72.84,73.5
60,3,11,8,80.67,73.73,73.3
60,3,11,9,82.81,82.63,87.76
60,4,11,7,71.24,73.98,74.6
60,4,11,8,66.35,68.93,69.57
60,4,11,9,63.18,65.29,66.29
61,1,1,1,67.09,66.89,67.37
61,1,1,2,61.85,68.82,68.04
61,1,1,3,61.93,63.86,63.25
61,2,1,1,71.88,76.79,77.71
61,2,1,2,72.34,73.48,72.37
61,2,1,3,68.29,72.15,69.61
61,3,1,1,68.69,70,72.12
61,3,1,2,71.41,70.03,64.46
61,3,1,3,74.28,71.47,70.95
61,4,1,1,73.54,75.55,74.12
61,4,1,2,72.2,74.01,72.13
61,4,1,3,66.43,71.79,75
61,1,6,4,64.63,61.61,64.3
61,1,6,5,68.72,63.09,65.67
61,1,6,6,65.72,68.2,68.25
61,2,6,4,83.33,81.24,81.93
61,2,6,5,81.52,81.77,80.47
61,2,6,6,74.23,77.31,77.59
61,3,6,4,62.45,58.5,58.9
61,3,6,5,58.07,60.48,57.92
61,3,6,6,54.12,57.94,63.38
61,4,6,4,61.03,62.25,61.81
61,4,6,5,62.9,61.24,60.64
61,4,6,6,61.36,62.12,58.25
61,1,11,7,59.99,67.72,63.7
61,1,11,8,63.08,58.16,56.35
61,1,11,9,61.74,62.74,65.24
61,2,11,7,77.36,76.02,74.34
61,2,11,8,75.24,76.49,74.81
61,2,11,9,69.94,75.16,77.84
61,3,11,7,78,81.27,81.41
61,3,11,8,73.02,78.12,79.57
61,3,11,9,73.4,71.59,70.2
61,4,11,7,62.1,62.84,56.39
61,4,11,8,62.39,62.17,58.81
61,4,11,9,55.05,63.34,64.52
62,1,1,1,64.4,62.76,64.16
62,1,1,2,61.6,66.27,65.06
62,1,1,3,57.5,57.53,56.81
62,2,1,1,55.01,56.47,57.01
62,2,1,2,52.69,56.11,53.43
62,2,1,3,53.01,52.46,56.25
62,3,1,1,68.92,64.62,65.99
62,3,1,2,70.33,65.14,63.86
62,3,1,3,67.66,68.94,69.76
62,4,1,1,71.48,73.45,74.91
62,4,1,2,65.59,71.57,72.94
62,4,1,3,61.1,69.84,69.27
62,1,6,4,68.88,72.26,71.41
62,1,6,5,71.02,70.61,70.43
62,1,6,6,73.01,74.17,75.69
62,2,6,4,63.98,61.4,61.97
62,2,6,5,70.52,61.44,63.75
62,2,6,6,68.49,69.77,67.19
62,3,6,4,74.96,82.33,82.5
62,3,6,5,68.46,72.79,69.54
62,3,6,6,67.55,72.52,76.64
62,4,6,4,64.7,64.86,64.75
62,4,6,5,61.98,65.02,66.35
62,4,6,6,65.6,65.35,65.84
62,1,11,7,74.31,73.88,73.65
62,1,11,8,72,74.88,73.8
62,1,11,9,70.26,70,68.14
62,2,11,7,54.11,55.29,56.69
62,2,11,8,48.27,53.87,53.9
62,2,11,9,45.01,45.32,46
62,3,11,7,73.52,73,74.87
62,3,11,8,72.69,74.32,74.81
62,3,11,9,74.74,72.86,73.29
62,4,11,7,70.49,63.49,62.32
62,4,11,8,73.24,74.46,74.48
62,4,11,9,72.3,75.96,75.67
63,1,1,1,52.87,51.57,47.56
63,1,1,2,54.16,57.72,58.68
63,1,1,3,53.54,53.83,55.25
63,2,1,1,72.18,73.84,71.73
63,2,1,2,70.09,72.01,73.55
63,2,1,3,71.86,72.83,76.76
63,3,1,1,61.13,62.22,64.37
63,3,1,2,65.23,64.92,64.87
63,3,1,3,63.56,62.45,61.99
63,4,1,1,65.45,68.88,67.23
63,4,1,2,63.34,64.02,66.26
63,4,1,3,63.76,62.31,61.4
63,1,6,4,68.67,67.57,67.72
63,1,6,5,68.77,69.66,69.58
63,1,6,6,64.99,67.32,66.42
63,2,6,4,68.93,63.42,61.19
63,2,6,5,69.75,67.08,69.56
63,2,6,6,68.21,66.14,67.41
63,3,6,4,71.7,73.05,75.99
63,3,6,5,68.12,74.13,74.27
63,3,6,6,72.31,71.69,76.23
63,4,6,4,78.14,77.25,77.73
63,4,6,5,77.47,78.07,74.59
63,4,6,6,79.43,79.89,78.69
63,1,11,7,53.3,56.08,57.11
63,1,11,8,50.31,51.66,54.31
63,1,11,9,54.53,52.04,47.91
63,2,11,7,70.17,69.22,69.83
63,2,11,8,67.72,67.79,71.68
63,2,11,9,67.01,69.05,71.17
63,3,11,7,68.85,70.2,73.24
63,3,11,8,66.61,71.85,72.97
63,3,11,9,71.63,70.57,69.68
63,4,11,7,74.39,73.14,74.29
63,4,11,8,74.35,76.25,77.04
63,4,11,9,74.56,72.76,72.26
64,1,1,1,53.6,53.41,54.32
64,1,1,2,59.42,53.19,53.61
64,1,1,3,57.81,58.83,61.24
64,2,1,1,65.43,63.39,66.17
64,2,1,2,64.39,66.2,68.93
64,2,1,3,64.26,65.54,65.32
64,3,1,1,73.57,72.83,72.35
64,3,1,2,65.72,70.14,71.4
64,3,1,3,66.72,65.17,61.76
64,4,1,1,77.59,80.1,81.66
64,4,1,2,76.19,77.55,77.06
64,4,1,3,78.82,76.17,73.9
64,1,6,4,61.63,65.07,64.03
64,1,6,5,61.16,60.64,57.83
64,1,6,6,63.67,58.7,58.76
64,2,6,4,53.45,54.88,53.33
64,2,6,5,57.79,50.43,51.69
64,2,6,6,62.43,63.38,63.56
64,3,6,4,65.7,68.62,68.37
64,3,6,5,69.87,67.59,67.13
64,3,6,6,72.14,70.67,71.49
64,4,6,4,54.41,56.88,54.77
64,4,6,5,52.14,52.59,54.11
64,4,6,6,50.72,49.44,48.23
64,1,11,7,77.2,77.18,79.55
64,1,11,8,76.35,73.4,71.38
64,1,11,9,74.44,77.03,76.45
64,2,11,7,78.35,73.33,70.86
64,2,11,8,72.22,78.15,81.62
64,2,11,9,72.09,72.62,76.45
64,3,11,7,78.96,75.8,77.04
64,3,11,8,70.93,75.94,75.98
64,3,11,9,72.16,70.68,69.94
64,4,11,7,61.42,61.78,56.23
64,4,11,8,65.11,64.87,65.12
64,4,11,9,58.2,65.31,63.98
65,1,1,1,52.23,49.59,51.17
65,1,1,2,51.11,49.79,48.18
65,1,1,3,52.04,52.96,55.92
65,2,1,1,71.58,68.88,64.12
65,2,1,2,72.26,73.55,70.38
65,2,1,3,70.22,73.16,73.02
65,3,1,1,76,76.35,77.53
65,3,1,2,75.05,78.29,82.34
65,3,1,3,70.34,72.55,73.29
65,4,1,1,61.8,61.47,59.99
65,4,1,2,64.66,63.02,62.94
65,4,1,3,67.57,67.36,69.47
65,1,6,4,58.32,57.07,57.16
65,1,6,5,57.25,58.94,59.36
65,1,6,6,59.16,52.72,54
65,2,6,4,75.99,73.68,76.31
65,2,6,5,70.61,74.25,73.83
65,2,6,6,72.72,68.35,70.3
65,3,6,4,47.16,50.08,48.28
65,3,6,5,48.54,47.47,46.44
65,3,6,6,46.86,45.07,42.83
65,4,6,4,59.21,56.77,55.49
65,4,6,5,51.6,57.74,54.94
65,4,6,6,47.06,51.54,50.41
65,1,11,7,50.66,49.35,50.37
65,1,11,8,52.31,49.92,51.21
65,1,11,9,53.81,49.4,49.34
65,2,11,7,58.9,59.5,60.3
65,2,11,8,56.2,57.21,58.42
65,2,11,9,54.72,56,58.89
65,3,11,7,58.42,63.5,60.11
65,3,11,8,58.83,57.7,56.41
65,3,11,9,58.08,56.34,58.26
65,4,11,7,39.41,49.97,50.44
65,4,11,8,44,40,39.22
65,4,11,9,47.69,41.84,42.17
66,1,1,1,65.34,66.41,64.6
66,1,1,2,60.23,64,64.22
66,1,1,3,62.38,61.52,61.71
66,2,1,1,74.14,72.23,69.02
66,2,1,2,77.56,76.29,74.58
66,2,1,3,77.61,78.97,82.67
66,3,1,1,62.73,60.97,58.72
66,3,1,2,60.52,62.95,62.97
66,3,1,3,60.43,60.72,56.58
66,4,1,1,60.98,66.11,64.12
66,4,1,2,61.52,63.19,62.42
66,4,1,3,61.34,62.48,64.65
66,1,6,4,62.37,59.76,60.35
66,1,6,5,65.82,65.71,66.85
66,1,6,6,64.29,67.22,65.37
66,2,6,4,55.95,57.41,57.4
66,2,6,5,56.74,57.45,53.42
66,2,6,6,53.95,56.16,54.49
66,3,6,4,60.91,61.42,61.41
66,3,6,5,63.13,59.84,61.72
66,3,6,6,62.52,66.73,66.09
66,4,6,4,80.75,79.82,78.82
66,4,6,5,81.71,80.28,79.89
66,4,6,6,81.35,80.52,83.5
66,1,11,7,70.64,75.6,77.41
66,1,11,8,73.71,72.42,74.44
66,1,11,9,73.71,73.32,74.41
66,2,11,7,69.35,71.1,69.64
66,2,11,8,68.34,70.01,67.35
66,2,11,9,71.13,69.01,71.6
66,3,11,7,76.71,80.68,79.36
66,3,11,8,75.75,75.7,78.42
66,3,11,9,72.05,80.16,76.03
66,4,11,7,63.49,64.43,65.18
66,4,11,8,63.61,66.58,67.06
66,4,11,9,58.64,63.61,63.85
67,1,1,1,52.1,50.66,47.19
67,1,1,2,57.18,52.36,50.25
67,1,1,3,58.71,56.49,55.92
67,2,1,1,79.67,77.46,78.92
67,2,1,2,82.24,79.71,80.34
67,2,1,3,82.06,80.79,80.9
67,3,1,1,69.8,63.56,62.3
67,3,1,2,72.41,67,68.61
67,3,1,3,71.45,72.35,69.51
67,4,1,1,71.04,69.02,70.4
67,4,1,2,70.8,72.83,72.42
67,4,1,3,73.29,71.69,73.32
67,1,6,4,78.72,74.5,75.19
67,1,6,5,73.7,78.13,80.54
67,1,6,6,78.71,78.13,78.25
67,2,6,4,62.28,64.88,65.11
67,2,6,5,61.58,60.43,59.53
67,2,6,6,61.04,63.97,61.29
67,3,6,4,71.38,76.23,74.55
67,3,6,5,67.69,71.63,72.53
67,3,6,6,62.19,70.53,68.89
67,4,6,4,67.87,69.96,71.12
67,4,6,5,68.18,68.18,67.38
67,4,6,6,65.38,68.49,67.33
67,1,11,7,73.54,73.46,75.33
67,1,11,8,75.01,72.47,74.34
67,1,11,9,76.51,72.98,72.25
67,2,11,7,61.28,61.97,63.26
67,2,11,8,63.24,61.72,60.07
67,2,11,9,61.98,63.08,62.53
67,3,11,7,50.18,47.52,46.52
67,3,11,8,58.16,52.15,53.45
67,3,11,9,57.06,57.93,56.18
67,4,11,7,48.6,49.45,48.15
67,4,11,8,51.16,52.6,51.99
67,4,11,9,48.62,52.24,50.24
68,1,1,1,61.06,60.1,56.59
68,1,1,2,63.1,55.38,53.33
68,1,1,3,66.17,61.73,60.71
68,2,1,1,73.78,71.12,68.8
68,2,1,2,84.36,76.83,80.64
68,2,1,3,83.7,82.55,88.2
68,3,1,1,71.25,72.06,71.13
68,3,1,2,66.59,69.87,69.75
68,3,1,3,61.14,63.76,66.36
68,4,1,1,81.25,79.07,79.4
68,4,1,2,74.08,78.86,76.84
68,4,1,3,73.81,72.99,75.65
68,1,6,4,52.17,53.47,54.62
68,1,6,5,49.21,49.64,47.64
68,1,6,6,53.52,48.16,52.98
68,2,6,4,75.16,74.16,74.83
68,2,6,5,74.2,74.74,75.82
68,2,6,6,72.72,74.2,73.65
68,3,6,4,56.76,55.91,57.45
68,3,6,5,56.76,58.24,59.76
68,3,6,6,55.32,57.81,54.31
68,4,6,4,70.62,65.74,66.96
68,4,6,5,70.46,70.27,72.99
68,4,6,6,77.51,72.16,67.72
68,1,11,7,60.78,63.73,66.79
68,1,11,8,58.66,59.07,59.25
68,1,11,9,61.99,57.56,56.72
68,2,11,7,73.87,74.8,76.75
68,2,11,8,72.32,71.04,73
68,2,11,9,78.05,69.54,72.25
68,3,11,7,73.78,68.64,68.64
68,3,11,8,73.55,75.34,78.32
68,3,11,9,71.5,72.13,70.73
68,4,11,7,77.8,73.28,72.47
68,4,11,8,77.37,80.99,82.28
68,4,11,9,77.95,76.35,76.51
69,1,1,1,77.86,81.97,79.95
69,1,1,2,76.78,76.17,72.14
69,1,1,3,73.33,75.73,74.27
69,2,1,1,52.71,55.12,55.59
69,2,1,2,53.72,53.15,52.45
69,2,1,3,54.59,54.88,57.3
69,3,1,1,66.31,69.24,66.61
69,3,1,2,72.4,66.21,67.95
69,3,1,3,74.44,71.43,71.54
69,4,1,1,64.1,61.81,64.37
69,4,1,2,63.85,64.31,67.3
69,4,1,3,65.85,65.91,65.33
69,1,6,4,58.01,55.52,54.64
69,1,6,5,61.63,57.6,57.99
69,1,6,6,64.42,60.59,65.27
69,2,6,4,50.03,53.37,49.75
69,2,6,5,44.04,43.76,43.48
69,2,6,6,43.69,44.16,40.91
69,3,6,4,59.37,59.38,57.17
69,3,6,5,57.52,61.69,57.02
69,3,6,6,61.78,60.49,57.86
69,4,6,4,75.6,76.21,75.8
69,4,6,5,77.68,72.71,74.6
69,4,6,6,75.94,79.26,78
69,1,11,7,62.13,64.58,62.78
69,1,11,8,60.11,61.18,62.4
69,1,11,9,57.98,60.56,60.69
69,2,11,7,67.33,66.42,66.63
69,2,11,8,63.88,64.32,66.31
69,2,11,9,67.2,64.06,66.39
69,3,11,7,78.77,82.57,83.37
69,3,11,8,74.1,79.9,80.08
69,3,11,9,78.89,75.83,75.02
69,4,11,7,70.45,67.17,65.78
69,4,11,8,65.97,69.4,70.95
69,4,11,9,64.56,66.44,62.47
70,1,1,1,58.56,59.32,59.03
70,1,1,2,58.87,58.22,60.38
70,1,1,3,62.29,59.37,58.23
70,2,1,1,76.25,80.72,75.93
70,2,1,2,71.65,75.29,71.54
70,2,1,3,72.5,67.69,67.61
70,3,1,1,63,67.81,69.94
70,3,1,2,61.49,60.03,61.36
70,3,1,3,61.7,61.15,59.27
70,4,1,1,53.6,52.69,52.23
70,4,1,2,55.3,55.88,53.52
70,4,1,3,57.81,55.27,54.6
70,1,6,4,52.68,50.96,51.31
70,1,6,5,52.45,53.19,53.75
70,1,6,6,47.01,52.65,52.22
70,2,6,4,60.26,61.97,60.15
70,2,6,5,57.21,57.02,57.72
70,2,6,6,54.65,55.74,52.85
70,3,6,4,62.84,65.52,66.88
70,3,6,5,64.16,63.16,61.41
70,3,6,6,58.48,62.78,64.36
70,4,6,4,71.93,73.75,74.12
70,4,6,5,71.54,72.8,71.27
70,4,6,6,72.5,73.3,74.88
70,1,11,7,65.61,70.99,70.14
70,1,11,8,69.59,66.25,65.74
70,1,11,9,71.47,67.97,67.47
70,2,11,7,80.05,77.25,76.31
70,2,11,8,84.22,83.25,86.31
70,2,11,9,83.61,83.71,77.23
70,3,11,7,82.94,77.27,77.22
70,3,11,8,85.22,83.05,84.41
70,3,11,9,83.81,83.19,84.91
70,4,11,7,82.1,78.75,78.96
70,4,11,8,90.06,83.39,87.54
70,4,11,9,92.3,90.22,82.55
71,1,1,1,52.93,53.63,52.64
71,1,1,2,57.32,51.5,54.96
71,1,1,3,55.4,58.12,57.17
71,2,1,1,59.77,60.14,59.13
71,2,1,2,59.48,62.74,58.65
71,2,1,3,60.65,56.81,53.51
71,3,1,1,72.65,72.48,74.31
71,3,1,2,70.92,73.15,73.6
71,3,1,3,67.44,72.71,72.58
71,4,1,1,61.75,63.24,59.15
71,4,1,2,65.66,63.87,65.44
71,4,1,3,62.62,63.68,66.91
71,1,6,4,62.41,61.01,60.47
71,1,6,5,72.86,62.33,63.76
71,1,6,6,69.95,73.77,73.82
71,2,6,4,63.63,57.04,57.27
71,2,6,5,63.65,65.88,66.33
71,2,6,6,68.81,64.19,63.15
71,3,6,4,54.71,58.8,57.51
71,3,6,5,56.77,53.21,55.28
71,3,6,6,53.74,57.11,58.28
71,4,6,4,48.26,48.68,47.62
71,4,6,5,54.89,46.01,46.76
71,4,6,6,58.57,56.45,54.72
71,1,11,7,77.32,70.85,66.43
71,1,11,8,76.07,77.54,76.32
71,1,11,9,80.79,72.24,73.48
71,2,11,7,71.09,63.26,64.87
71,2,11,8,78.13,72.86,74.91
71,2,11,9,81.45,78.88,78.51
71,3,11,7,63.72,63.3,66.24
71,3,11,8,60.16,62.54,58.86
71,3,11,9,57.03,60.42,58.71
71,4,11,7,70.99,68.27,70
71,4,11,8,68.7,70.61,72.29
71,4,11,9,63.53,67.71,63.69
72,1,1,1,65.78,70.31,71.32
72,1,1,2,68.05,65.83,64.97
72,1,1,3,71.11,69.63,70.55
72,2,1,1,69.19,67.48,69.54
72,2,1,2,68.32,67.25,64.55
72,2,1,3,68.17,67.98,68.16
72,3,1,1,64.72,66.97,72.04
72,3,1,2,64.87,64.28,64.43
72,3,1,3,61.17,65.62,64.64
72,4,1,1,61.51,61.13,61.99
72,4,1,2,63.47,65.89,67.8
72,4,1,3,60.76,61.69,60.56
72,1,6,4,71.78,69.46,71.06
72,1,6,5,72.68,69.46,70.21
72,1,6,6,71.43,72.89,75.07
72,2,6,4,53.56,61.27,61.77
72,2,6,5,49.23,53.19,52.78
72,2,6,6,49.51,47.38,49
72,3,6,4,75.47,80.85,81.76
72,3,6,5,80.2,75.72,81.03
72,3,6,6,75.58,78.54,79.98
72,4,6,4,77.28,76.04,79.19
72,4,6,5,79.74,75.6,77.39
72,4,6,6,80.03,80.08,81.43
72,1,11,7,57.85,57.32,57.68
72,1,11,8,60.78,58.47,54.54
72,1,11,9,54.06,60.56,61.97
72,2,11,7,67.9,70.27,69.01
72,2,11,8,65.01,67.61,69.62
72,2,11,9,65.87,65.53,64.38
72,3,11,7,77.85,75.99,74.75
72,3,11,8,78.95,78.5,76.1
72,3,11,9,76.76,78.54,74.9
72,4,11,7,59.72,62.26,60.72
72,4,11,8,58.64,58.45,59.93
72,4,11,9,59.41,58.94,59.26
73,1,1,1,76.94,82.56,82.22
73,1,1,2,75.45,76.01,73.55
73,1,1,3,83.49,78.99,81.48
73,2,1,1,54.53,54.44,50.93
73,2,1,2,50.27,52.76,51.51
73,2,1,3,51.32,51.73,53.74
73,3,1,1,65.09,67.57,64.89
73,3,1,2,68.53,64.74,61.94
73,3,1,3,64.35,69.4,70.6
73,4,1,1,61.91,58.88,58.73
73,4,1,2,62.58,60.6,59.41
73,4,1,3,57.53,61.43,61.74
73,1,6,4,64,65.54,65.96
73,1,6,5,64.01,66.16,66.08
73,1,6,6,62.85,66.29,70.48
73,2,6,4,67.79,70.25,71.39
73,2,6,5,68.08,70.33,68.39
73,2,6,6,69.46,66.97,64.99
73,3,6,4,74.74,76.25,79.82
73,3,6,5,80.01,70.35,68.98
73,3,6,6,78.42,78.82,82.37
73,4,6,4,47.57,48.91,51.01
73,4,6,5,47.34,46.37,47.56
73,4,6,6,49.34,48.51,48.99
73,1,11,7,75.44,73.97,72.72
73,1,11,8,74.43,74.4,74.09
73,1,11,9,76.61,72.43,68.96
73,2,11,7,51.41,51.5,53.52
73,2,11,8,51.57,49.65,46.76
73,2,11,9,55.31,54.34,56.87
73,3,11,7,57.11,54.58,56.26
73,3,11,8,58.8,57.49,55.58
73,3,11,9,58.67,58.33,52.75
73,4,11,7,68.17,63.72,63.88
73,4,11,8,63.71,67.3,66.68
73,4,11,9,63.35,62.22,63.28
74,1,1,1,71.3,67.86,69.44
74,1,1,2,71.42,71.14,73.33
74,1,1,3,71.51,70.02,69.24
74,2,1,1,76.65,78.84,74.13
74,2,1,2,79.19,79.11,80.17
74,2,1,3,78.75,75.74,74.3
74,3,1,1,72.65,75.52,75.78
74,3,1,2,72.1,72.03,70.3
74,3,1,3,71.09,72.42,75.69
74,4,1,1,69.76,68.3,65.07
74,4,1,2,75.36,69.23,70.34
74,4,1,3,72.74,71.08,69.68
74,1,6,4,61.94,62.3,67.31
74,1,6,5,60.68,62.22,63.91
74,1,6,6,59.84,63.22,60.06
74,2,6,4,61.41,58.75,63.92
74,2,6,5,58.1,62.64,64.92
74,2,6,6,56.19,61.6,56.58
74,3,6,4,81.98,73,74.15
74,3,6,5,79.31,81.76,83.66
74,3,6,6,79.96,75.94,77.76
74,4,6,4,63.28,61.68,63.72
74,4,6,5,65.33,62.6,64.52
74,4,6,6,63.39,63.96,61.31
74,1,11,7,73.28,77.23,76.85
74,1,11,8,69.88,75.46,73.18
74,1,11,9,67.46,69.08,69.4
74,2,11,7,51.33,53.84,57.07
74,2,11,8,53.07,53.61,53.98
74,2,11,9,49.95,49.13,44.73
74,3,11,7,81.96,76.23,75.73
74,3,11,8,78.78,83.75,82.87
74,3,11,9,82.19,81.17,82.85
74,4,11,7,68.76,71.93,76.54
74,4,11,8,69.09,70.35,73.68
74,4,11,9,67.32,70.8,68.84
75,1,1,1,55.72,53.43,55.97
75,1,1,2,56.26,56.41,58.6
75,1,1,3,53.51,57.5,57.09
75,2,1,1,67.47,68.65,66.4
75,2,1,2,69.07,64.1,65.76
75,2,1,3,73.02,69.72,67.48
75,3,1,1,67.25,65.83,66.01
75,3,1,2,68.72,66.52,66.97
75,3,1,3,69.07,68.4,69.75
75,4,1,1,54.09,51.57,51.5
75,4,1,2,55.09,58.78,55.98
75,4,1,3,53.02,52.73,55.92
75,1,6,4,75.04,74.24,75.39
75,1,6,5,79.42,74.76,75.54
75,1,6,6,77.26,80.37,80.81
75,2,6,4,71.12,74.22,74
75,2,6,5,73.38,68.79,68.13
75,2,6,6,74.53,74.51,75.8
75,3,6,4,56.46,56.93,58.58
75,3,6,5,54.81,52.26,48.82
75,3,6,6,54.71,54.35,55.8
75,4,6,4,63.27,65.62,62.48
75,4,6,5,67.78,63.69,63.21
75,4,6,6,70.85,64.81,63.31
75,1,11,7,77.87,73.67,77.88
75,1,11,8,71.7,78.14,77.42
75,1,11,9,73.83,73.98,71.87
75,2,11,7,79.42,81.22,82.46
75,2,11,8,77.91,78.11,80.64
75,2,11,9,82.59,78.5,78.82
75,3,11,7,65.89,61.27,64.02
75,3,11,8,65.68,62.35,65.6
75,3,11,9,65.21,68.88,68.09
75,4,11,7,71.34,66.6,65.91
75,4,11,8,70,73.66,73.32
75,4,11,9,67.74,71.91,74.28
76,1,1,1,67.04,65.91,64.15
76,1,1,2,73.48,68.32,67.59
76,1,1,3,69.27,75.29,74.52
76,2,1,1,66.01,65.11,64.08
76,2,1,2,65.05,68.53,70.9
76,2,1,3,66.23,62.74,63.73
76,3,1,1,59.11,58.44,58.55
76,3,1,2,58.3,56.17,56.56
76,3,1,3,65.05,59.02,59.33
76,4,1,1,80.38,81.63,81.1
76,4,1,2,82.01,81.34,81.88
76,4,1,3,81.25,84.7,85.23
76,1,6,4,58.94,60.99,64.22
76,1,6,5,59.11,57.99,56.11
76,1,6,6,59.06,60.57,59.55
76,2,6,4,72.32,74.13,73.03
76,2,6,5,71.58,75.16,76.35
76,2,6,6,71.26,73.02,72.88
76,3,6,4,54.26,56.18,58.71
76,3,6,5,58.26,51.14,49.59
76,3,6,6,61.9,56.82,56.63
76,4,6,4,70.95,76.4,73.2
76,4,6,5,69.96,71.54,71.81
76,4,6,6,72.64,66.65,67.59
76,1,11,7,62.03,51,51.95
76,1,11,8,66.03,64.24,64.03
76,1,11,9,64.75,64.17,62.64
76,2,11,7,61.13,62.95,64.08
76,2,11,8,62.2,56.81,56.07
76,2,11,9,63.87,61.42,64.9
76,3,11,7,79.43,76.33,77.69
76,3,11,8,76.02,78.92,77.02
76,3,11,9,81.14,77.78,74.69
76,4,11,7,77.93,75.94,73.82
76,4,11,8,74.99,77.7,78.12
76,4,11,9,72.65,75.31,74.46
77,1,1,1,57.2,60.87,61.66
77,1,1,2,51.75,58.94,57.47
77,1,1,3,54.64,53.14,56.43
77,2,1,1,69.6,68.15,65.97
77,2,1,2,64.91,67.37,68.65
77,2,1,3,64.65,64.31,62.3
77,3,1,1,41.32,51.57,50.07
77,3,1,2,46.21,42.91,43.89
77,3,1,3,44.67,42.03,40.72
77,4,1,1,68.81,68.52,68.22
77,4,1,2,67.37,66.84,66.54
77,4,1,3,69.33,67.74,68.4
77,1,6,4,54.59,51.31,52.59
77,1,6,5,49.07,54.09,50.82
77,1,6,6,47.3,48.28,46.03
77,2,6,4,78.69,80.36,80.87
77,2,6,5,77.52,80.02,76.93
77,2,6,6,82.45,78.11,79.18
77,3,6,4,70.12,76.12,75.28
77,3,6,5,74.17,68.78,67.66
77,3,6,6,76.93,75.65,74.37
77,4,6,4,68.31,63.24,62.79
77,4,6,5,72.1,66.95,65.72
77,4,6,6,75.06,71.21,74.41
77,1,11,7,57.59,57.26,57.21
77,1,11,8,54.68,57.54,58.48
77,1,11,9,58.43,57.27,58.28
77,2,11,7,64.39,69.08,70.08
77,2,11,8,63.19,64.08,61.77
77,2,11,9,67.54,65.15,65.76
77,3,11,7,54.15,56.15,61.53
77,3,11,8,53.23,53.65,52.19
77,3,11,9,54.14,52.87,51.12
77,4,11,7,66,60.84,61.22
77,4,11,8,65.67,63.93,65.69
77,4,11,9,69.26,67.05,66.18
78,1,1,1,52.37,50.23,50.01
78,1,1,2,52.49,52.46,55.12
78,1,1,3,50.32,48.7,55.79
78,2,1,1,62.55,68.29,67.68
78,2,1,2,62.97,65.11,64.99
78,2,1,3,60.47,64.76,65.61
78,3,1,1,50.36,51.09,51.02
78,3,1,2,49.03,48.57,49.76
78,3,1,3,49.58,48.31,49.33
78,4,1,1,59.6,58.69,58.49
78,4,1,2,60.98,60.41,58.83
78,4,1,3,62.05,60.24,58.45
78,1,6,4,69.1,66.44,68.7
78,1,6,5,64.2,71.43,73.6
78,1,6,6,58.26,61.81,62.36
78,2,6,4,65.96,59.92,59.7
78,2,6,5,70.09,65.67,66.28
78,2,6,6,76.56,69.28,73.35
78,3,6,4,51.14,48.56,47.22
78,3,6,5,45.86,52.63,53.74
78,3,6,6,44.18,44.95,43.01
78,4,6,4,70.79,67.72,67.04
78,4,6,5,68.95,72.25,75.01
78,4,6,6,70.33,68.27,69.79
78,1,11,7,69.06,70.81,69.36
78,1,11,8,73,69.64,70.03
78,1,11,9,80.13,72.45,70.53
78,2,11,7,75.48,71.59,71.43
78,2,11,8,75.21,71.1,68.25
78,2,11,9,75.65,75.23,76.44
78,3,11,7,59.19,57.08,58.27
78,3,11,8,61.5,62.4,64.59
78,3,11,9,60.61,61.23,61.46
78,4,11,7,61.58,59.85,59.46
78,4,11,8,61.4,60.36,61.95
78,4,11,9,60.19,61.05,61.55
79,1,1,1,60.38,56.59,56.36
79,1,1,2,57.05,58.95,59.78
79,1,1,3,57.35,57.54,58.68
79,2,1,1,59.4,57.59,58.21
79,2,1,2,59.37,62.19,64.57
79,2,1,3,62.76,59.16,60.5
79,3,1,1,66.34,63.6,65.02
79,3,1,2,70.38,65.57,65.71
79,3,1,3,66.49,69.74,68.9
79,4,1,1,75.25,78.23,80.74
79,4,1,2,73.96,73.2,72.28
79,4,1,3,74.57,73.18,72.75
79,1,6,4,56.57,54.86,56.99
79,1,6,5,55.18,54.34,53.84
79,1,6,6,55.56,50.91,50.51
79,2,6,4,78.5,77.05,78.28
79,2,6,5,81.69,76.48,73.42
79,2,6,6,80.45,84.52,79.55
79,3,6,4,77.07,79.07,81.62
79,3,6,5,75.45,78.92,78.37
79,3,6,6,73.76,74.99,74.9
79,4,6,4,71.06,69.64,70.13
79,4,6,5,73.17,68.16,66.31
79,4,6,6,76.96,74.24,73
79,1,11,7,66.76,68.25,70.05
79,1,11,8,62.95,65.67,64.26
79,1,11,9,62.72,64.28,68.84
79,2,11,7,56.08,56.17,52.63
79,2,11,8,56.51,55.98,57.28
79,2,11,9,52.94,56.24,58.6
79,3,11,7,59.3,61.32,62.09
79,3,11,8,53.22,59.8,58.91
79,3,11,9,49.61,51.26,51.23
79,4,11,7,64.26,68.25,70.91
79,4,11,8,62.98,62.64,66
79,4,11,9,60.59,60.35,60.78
80,1,1,1,56.79,56.12,55.39
80,1,1,2,63.88,59.04,62.56
80,1,1,3,61.01,61.31,60.57
80,2,1,1,55.06,53.86,51.99
80,2,1,2,59.45,54.57,50.71
80,2,1,3,63.54,58.59,61.58
80,3,1,1,64.71,69.4,67.04
80,3,1,2,61.25,63.54,63.71
80,3,1,3,60.43,62.11,63.42
80,4,1,1,65.51,62.56,63.41
80,4,1,2,63.87,65.55,67.34
80,4,1,3,64.73,64.54,61.41
80,1,6,4,61.33,60.26,61.75
80,1,6,5,59.53,60.48,59
80,1,6,6,56.96,61.8,62.09
80,2,6,4,70.88,68.91,70.9
80,2,6,5,72.36,72.54,73.29
80,2,6,6,71.09,74.42,78.27
80,3,6,4,72.92,74.3,71.62
80,3,6,5,72.62,73.81,71.6
80,3,6,6,67.47,70.26,69.49
80,4,6,4,77.23,76.88,75.98
80,4,6,5,72.33,77.42,74.2
80,4,6,6,75.52,73.05,71.45
80,1,11,7,79.53,76.1,79.96
80,1,11,8,75.75,80.57,78.63
80,1,11,9,77.31,75.63,74.48
80,2,11,7,77.99,78.94,77.08
80,2,11,8,79.38,80.78,81.67
80,2,11,9,81.63,79.05,79.72
80,3,11,7,80.53,78.32,80.25
80,3,11,8,78.69,83.62,83.8
80,3,11,9,80.29,81.05,79.89
80,4,11,7,51.36,50.82,50.03
80,4,11,8,52.98,54.21,57.04
80,4,11,9,49.03,53.26,55.48
81,1,1,1,75.79,78.59,76.51
81,1,1,2,75.04,78.12,76.98
81,1,1,3,76.22,74.45,73.56
81,2,1,1,60.83,58.38,57.58
81,2,1,2,56.62,60.82,58.69
81,2,1,3,56.63,54.61,53.16
81,3,1,1,55.35,55.32,53.94
81,3,1,2,52.36,56.77,51.48
81,3,1,3,52.52,49.78,50.68
81,4,1,1,56.32,57.64,59.07
81,4,1,2,56.84,53.15,52.73
81,4,1,3,56.52,60.45,58.05
81,1,6,4,70.34,72.08,71.73
81,1,6,5,68.63,70.27,69.55
81,1,6,6,69.73,67.62,69.61
81,2,6,4,69.58,68.24,68.45
81,2,6,5,70.8,70.17,70.73
81,2,6,6,71.31,71.03,72.77
81,3,6,4,79.66,78.11,79.8
81,3,6,5,78.58,76.9,78.98
81,3,6,6,77.08,78.05,77.16
81,4,6,4,56.16,60.08,63.17
81,4,6,5,58.69,56.39,56.18
81,4,6,6,57.15,58.48,54.97
81,1,11,7,53.48,54.27,53.98
81,1,11,8,54.04,51.74,48.57
81,1,11,9,55.35,55.08,53.85
81,2,11,7,59.81,59.18,57.92
81,2,11,8,62.49,61.37,59.91
81,2,11,9,62.34,62.59,64.68
81,3,11,7,62.72,64.97,64.31
81,3,11,8,63.42,63.7,62.38
81,3,11,9,62.8,62.71,63.45
81,4,11,7,66.2,65.92,64.55
81,4,11,8,61.58,67.02,70.17
81,4,11,9,60.42,60.57,56.31
82,1,1,1,68.88,74.8,75.04
82,1,1,2,72.62,69.41,69.78
82,1,1,3,75.55,73.67,71.19
82,2,1,1,63.88,62.77,61.81
82,2,1,2,62.73,64.3,64.21
82,2,1,3,59.05,63.52,61.67
82,3,1,1,74.62,71.12,72.78
82,3,1,2,73.73,74.71,72.65
82,3,1,3,75.34,74.92,75.09
82,4,1,1,72.63,72.13,71.89
82,4,1,2,65.46,71.82,73.48
82,4,1,3,64.29,63.43,65.38
82,1,6,4,56.72,54.85,54.93
82,1,6,5,58.12,59.66,58.63
82,1,6,6,64.23,59.86,56.98
82,2,6,4,64.59,68.84,66.99
82,2,6,5,64.35,62.22,63.1
82,2,6,6,68.25,64.04,65.66
82,3,6,4,63.43,60.92,62.85
82,3,6,5,58.5,64.64,63.4
82,3,6,6,55.6,58.45,58.42
82,4,6,4,75.52,76.44,79.25
82,4,6,5,74.48,76.86,78.36
82,4,6,6,73.19,70.37,71.09
82,1,11,7,66.66,59.46,60.13
82,1,11,8,62.85,65.19,63.31
82,1,11,9,61,65.3,63.88
82,2,11,7,76.25,76.03,76.97
82,2,11,8,82.14,74.28,75.31
82,2,11,9,80,81.38,80.62
82,3,11,7,64.76,60.62,60.54
82,3,11,8,63.88,68.13,67.76
82,3,11,9,65.53,63.14,61.04
82,4,11,7,54.38,61.21,63.51
82,4,11,8,48.76,55.2,56.36
82,4,11,9,48.82,50.36,52.11
83,1,1,1,50.01,50.85,50.98
83,1,1,2,50.2,54.93,54.31
83,1,1,3,48.51,50.45,52.39
83,2,1,1,76.22,71.13,72.84
83,2,1,2,69.88,70.62,71.49
83,2,1,3,72.23,70.87,71.13
83,3,1,1,58.83,62.07,61.62
83,3,1,2,61.12,57.19,54.85
83,3,1,3,55.46,60.35,60.96
83,4,1,1,65.06,58.98,59.35
83,4,1,2,71.2,63.33,67.41
83,4,1,3,68.92,71,70.41
83,1,6,4,47.13,55.25,55.1
83,1,6,5,44.55,46.76,46.96
83,1,6,6,44.14,46.02,43.1
83,2,6,4,78.65,76.11,76.74
83,2,6,5,80.4,80.9,82.25
83,2,6,6,85.7,83.44,84.28
83,3,6,4,65.86,62.14,67.06
83,3,6,5,64.73,64.88,65.25
83,3,6,6,68.21,63.91,63.69
83,4,6,4,53.55,50.4,50.77
83,4,6,5,53.96,51.49,48.29
83,4,6,6,59.51,56.93,54.88
83,1,11,7,65.32,61.3,59.98
83,1,11,8,65.05,66.84,65.91
83,1,11,9,65.42,64.98,64.54
83,2,11,7,63.36,64.03,65
83,2,11,8,64.6,68.42,67.96
83,2,11,9,65.86,63.01,63.25
83,3,11,7,61.15,61.83,62.29
83,3,11,8,64.49,57.58,59.13
83,3,11,9,67.53,62.26,64.95
83,4,11,7,54.04,54.18,51.61
83,4,11,8,55.16,54.95,54.82
83,4,11,9,52.7,53.03,54.22
84,1,1,1,73.02,74.42,71.96
84,1,1,2,73.89,73.72,76.65
84,1,1,3,70.4,74.74,72.88
84,2,1,1,68.94,67.29,70.01
84,2,1,2,71.85,69.78,68.79
84,2,1,3,68.35,72.66,71.03
84,3,1,1,64.79,67.3,66.2
84,3,1,2,65.13,65.6,68.65
84,3,1,3,65.89,67.48,64.6
84,4,1,1,57.1,53.5,52.58
84,4,1,2,57.14,58.65,57.66
84,4,1,3,53.56,56.04,53.2
84,1,6,4,77.38,77.81,81.45
84,1,6,5,86.18,78.64,78.7
84,1,6,6,85.44,80.15,78.71
84,2,6,4,63.6,62.03,62.83
84,2,6,5,63.04,65.27,66.01
84,2,6,6,64.42,65.18,62.96
84,3,6,4,58.92,67.58,65.91
84,3,6,5,60.51,60.48,59.95
84,3,6,6,62.31,63.36,64.1
84,4,6,4,59.4,62.94,62.71
84,4,6,5,67.26,61.27,62.27
84,4,6,6,62.85,65.23,66.88
84,1,11,7,78.4,76.4,77.2
84,1,11,8,76.88,79.63,77.6
84,1,11,9,79.47,78.21,77.19
84,2,11,7,57.18,57.38,57.61
84,2,11,8,57.64,55,57.22
84,2,11,9,56.25,58.42,56.81
84,3,11,7,51.87,51.82,49.74
84,3,11,8,54.1,50.79,49.35
84,3,11,9,53.66,52.55,51.15
84,4,11,7,71.2,65.96,68.01
84,4,11,8,66.59,69.2,66.75
84,4,11,9,63.68,69.26,68.16
85,1,1,1,58.29,57.36,58.37
85,1,1,2,54.05,57.99,57.03
85,1,1,3,52.9,55.24,56.37
85,2,1,1,59.53,51.82,52.94
85,2,1,2,61.8,60.74,61.69
85,2,1,3,60.89,59.65,59.88
85,3,1,1,74.34,69.16,70.8
85,3,1,2,66.46,74.51,72.14
85,3,1,3,64.78,66.38,66.88
85,4,1,1,80.07,75.54,73.32
85,4,1,2,76.41,80.16,79.68
85,4,1,3,73.7,77.31,78.4
85,1,6,4,56.18,49.92,49.01
85,1,6,5,59.11,57.97,56.06
85,1,6,6,57.44,60.36,60.15
85,2,6,4,55.85,51.38,54.61
85,2,6,5,53.4,57.72,58.46
85,2,6,6,49.98,53.32,55.26
85,3,6,4,72.68,72.32,72.99
85,3,6,5,74.79,73.3,76.11
85,3,6,6,74.29,76.4,74.13
85,4,6,4,74.24,75,74.63
85,4,6,5,68.35,72.18,72.63
85,4,6,6,67.64,70.44,70.53
85,1,11,7,60.33,61.96,62.49
85,1,11,8,58.44,61.5,59.83
85,1,11,9,55.25,59.69,60.41
85,2,11,7,69.21,65.93,64.79
85,2,11,8,70.98,73.26,76.92
85,2,11,9,66.78,67.42,62.73
85,3,11,7,75.01,79.01,76.94
85,3,11,8,74.86,76.09,77.03
85,3,11,9,78.57,73.57,74.03
85,4,11,7,73.62,77.31,75.17
85,4,11,8,78.84,75,74.53
85,4,11,9,79.02,79.85,78.87
86,1,1,1,55.58,55.48,56.09
86,1,1,2,58.53,53.77,53.05
86,1,1,3,62,57.37,60.34
86,2,1,1,74.67,81.26,79.24
86,2,1,2,75.69,73.78,72.78
86,2,1,3,74.23,76.18,73.8
86,3,1,1,59.28,54.95,54.18
86,3,1,2,57.91,57.53,57.57
86,3,1,3,62.64,56.58,58.26
86,4,1,1,67.54,71.66,67.66
86,4,1,2,66.16,68.53,69.82
86,4,1,3,66.01,65.55,64.35
86,1,6,4,62.2,58.46,60.49
86,1,6,5,60.45,63.88,65.53
86,1,6,6,60.88,59.24,62.16
86,2,6,4,77.41,74.7,72.55
86,2,6,5,82.19,75.98,79.57
86,2,6,6,83.41,83.4,86.12
86,3,6,4,70.85,69.56,70.25
86,3,6,5,67.83,68.59,70.32
86,3,6,6,67.02,66.43,67.3
86,4,6,4,71.78,74.26,70.3
86,4,6,5,73.26,71.17,70.54
86,4,6,6,74.25,77.24,77.48
86,1,11,7,71.99,71.54,70.2
86,1,11,8,76.25,73.12,73.64
86,1,11,9,78.44,74.22,72.83
86,2,11,7,48.87,52.23,51.79
86,2,11,8,49.09,49.82,46.94
86,2,11,9,54.98,49.57,51.34
86,3,11,7,62.15,63.95,63.52
86,3,11,8,62.24,63.25,62.66
86,3,11,9,62.46,61.83,61.37
86,4,11,7,74.19,74.21,76.05
86,4,11,8,74.31,72.87,70.72
86,4,11,9,70.29,72.23,75.92
87,1,1,1,74.36,77.15,78.69
87,1,1,2,72.56,75.11,77.83
87,1,1,3,70.03,70.22,71.03
87,2,1,1,65.53,58.06,57.83
87,2,1,2,64.99,66.87,67.48
87,2,1,3,65.68,63.82,66.63
87,3,1,1,47.07,51.03,51.69
87,3,1,2,44.88,45.2,46.18
87,3,1,3,51.13,44.68,45.76
87,4,1,1,62.87,62.61,61.26
87,4,1,2,64.03,62.31,62.56
87,4,1,3,60.71,64.9,63.39
87,1,6,4,58.55,61.26,62.71
87,1,6,5,58.68,60.04,60.29
87,1,6,6,55.29,58.52,59.55
87,2,6,4,63.59,66.62,67.26
87,2,6,5,59.63,61.87,61.33
87,2,6,6,53.28,58.68,56.3
87,3,6,4,55.84,60.27,60.74
87,3,6,5,54.45,55.03,56.42
87,3,6,6,53.72,51.61,56.13
87,4,6,4,54.87,56.03,56.1
87,4,6,5,54.18,53.96,51.14
87,4,6,6,52.71,56.29,54.09
87,1,11,7,72.47,72.85,77.37
87,1,11,8,73.31,70.23,70.28
87,1,11,9,70.77,74.38,69.44
87,2,11,7,59.72,57.67,61.21
87,2,11,8,58.39,61,61.71
87,2,11,9,59.85,57.99,57.84
87,3,11,7,71.9,69.81,73.78
87,3,11,8,75.5,70.39,70.86
87,3,11,9,73.94,73.47,73.41
87,4,11,7,65.26,58.06,58.53
87,4,11,8,67.72,63.59,63.06
87,4,11,9,69.27,67.68,67.02
88,1,1,1,54.73,54.08,57.84
88,1,1,2,58.16,55.92,56.18
88,1,1,3,54.49,53.28,53.27
88,2,1,1,66.39,65.49,64.86
88,2,1,2,61.14,67.73,67.51
88,2,1,3,52.51,59.21,61.01
88,3,1,1,69.76,68.52,71.3
88,3,1,2,67.5,72.43,74.92
88,3,1,3,65.57,68.42,71.87
88,4,1,1,65.74,68.23,66.44
88,4,1,2,68.09,62.76,63.06
88,4,1,3,69.86,67.73,64.71
88,1,6,4,61.42,62.02,63.53
88,1,6,5,64.77,58.42,59.95
88,1,6,6,63.19,64.81,61.6
88,2,6,4,49.08,51.36,52.41
88,2,6,5,50.64,49.18,46.48
88,2,6,6,50.16,50.11,49.24
88,3,6,4,75.85,75.66,75.72
88,3,6,5,76.31,74.11,74.43
88,3,6,6,77.2,75.63,77.5
88,4,6,4,69.5,66.55,65.03
88,4,6,5,70.16,69.74,70.52
88,4,6,6,71.07,72.54,73.23
88,1,11,7,67.03,68.54,72.42
88,1,11,8,63.07,65.99,64.29
88,1,11,9,62.76,60.96,57.26
88,2,11,7,66.69,67.3,69.47
88,2,11,8,73.48,70.5,68.55
88,2,11,9,68.99,71.55,72.03
88,3,11,7,78.48,81.02,81.08
88,3,11,8,79.76,78.66,75.48
88,3,11,9,77.5,81.49,80.18
88,4,11,7,74.21,77.98,80.42
88,4,11,8,76.69,76.47,80.59
88,4,11,9,76.76,77.89,79.96
89,1,1,1,59.41,56.69,56.81
89,1,1,2,61.51,60.32,62.3
89,1,1,3,61.33,61.44,61.59
89,2,1,1,69.91,68.49,68.89
89,2,1,2,68.32,68.26,71.51
89,2,1,3,61.23,66.06,65.16
89,3,1,1,57.34,54.23,52.95
89,3,1,2,62.29,59.26,56.63
89,3,1,3,58.97,61.27,60.07
89,4,1,1,71.13,63.21,64.59
89,4,1,2,69.65,72.13,68.15
89,4,1,3,67.59,69.9,70.07
89,1,6,4,56.6,56.66,57.79
89,1,6,5,52.36,54.45,55.3
89,1,6,6,50.98,55.9,53.88
89,2,6,4,50.01,49.8,50.46
89,2,6,5,53.23,50.29,51.44
89,2,6,6,53.36,54.82,54.47
89,3,6,4,80.28,77.68,75.42
89,3,6,5,80.03,84.84,84.25
89,3,6,6,80.49,79.77,78.66
89,4,6,4,72.38,68.14,63.16
89,4,6,5,75.26,74.56,73.84
89,4,6,6,78.88,73.54,72.6
89,1,11,7,58.23,57.12,56.99
89,1,11,8,58.7,55.49,54.61
89,1,11,9,63.21,57.44,57.04
89,2,11,7,77.63,79.48,79.49
89,2,11,8,76.57,75.48,74.43
89,2,11,9,77.57,76.18,78.72
89,3,11,7,64.96,65.57,66.99
89,3,11,8,67.89,65.37,66.22
89,3,11,9,61.58,67.03,66.11
89,4,11,7,72.56,69.18,68.33
89,4,11,8,73.54,73.19,73.09
89,4,11,9,72.03,73.9,70.87
90,1,1,1,65.74,61.18,61.83
90,1,1,2,68.79,65.23,67.34
90,1,1,3,69.24,66.44,68.94
90,2,1,1,68.41,62.1,61.24
90,2,1,2,64.94,65.87,63.89
90,2,1,3,62.03,63.25,62.71
90,3,1,1,54.81,52.27,50.78
90,3,1,2,59.01,52.36,53.59
90,3,1,3,56.04,58.65,59.04
90,4,1,1,70.69,67.02,65.03
90,4,1,2,75.69,74.49,75.28
90,4,1,3,76.79,75.2,72.52
90,1,6,4,65.72,63.51,62.04
90,1,6,5,61.53,62.58,62.84
90,1,6,6,61.48,59.82,62.41
90,2,6,4,56.59,54.6,57.09
90,2,6,5,60.69,59.67,62.34
90,2,6,6,63.05,60.84,60.88
90,3,6,4,58.03,56.49,56.14
90,3,6,5,59.6,62.59,62.47
90,3,6,6,65.87,61.61,61.5
90,4,6,4,66.43,61.51,58.39
90,4,6,5,60.49,65.61,65.9
90,4,6,6,60.27,60.36,60.82
90,1,11,7,54.05,55.69,51.75
90,1,11,8,56.44,56.16,57.43
90,1,11,9,58.22,54.65,51.48
90,2,11,7,47.89,50.43,52.63
90,2,11,8,43.01,44.26,47.99
90,2,11,9,34.75,43.37,43.51
90,3,11,7,74.24,78.25,77.46
90,3,11,8,69.15,72.51,69.44
90,3,11,9,64.28,66.2,64.13
90,4,11,7,79.74,76.17,75.96
90,4,11,8,79.75,78.87,80.09
90,4,11,9,76.23,79.45,84.05
91,1,1,1,76.56,77.15,77.73
91,1,1,2,74.68,76.81,77.81
91,1,1,3,75.2,71.41,67.26
91,2,1,1,55.14,52.39,50.16
91,2,1,2,55.97,54.77,53.81
91,2,1,3,63.72,55.43,53.25
91,3,1,1,45.81,48.96,51.81
91,3,1,2,42.17,45.37,47.92
91,3,1,3,39.72,41.95,42.22
91,4,1,1,80.36,78.64,79.31
91,4,1,2,81.98,81.36,83.13
91,4,1,3,80.75,82.7,85.08
91,1,6,4,56.68,56.43,55.8
91,1,6,5,57.36,57.36,52.53
91,1,6,6,58.9,57.16,57.73
91,2,6,4,61.9,63.86,66.62
91,2,6,5,63.28,62.26,62.85
91,2,6,6,57.91,62.76,65.32
91,3,6,4,77.82,76.05,74.84
91,3,6,5,74.22,78.26,77.67
91,3,6,6,75.67,73.25,71.03
91,4,6,4,69.21,69.87,72.3
91,4,6,5,69.27,68.55,65.49
91,4,6,6,64.49,67.04,65.45
91,1,11,7,65.54,62.77,66.35
91,1,11,8,65.66,67.08,67.33
91,1,11,9,62.48,65.69,66.18
91,2,11,7,64.36,64.65,64.22
91,2,11,8,60.83,63.58,60.25
91,2,11,9,59.9,63.74,66.6
91,3,11,7,56.44,54.79,55.72
91,3,11,8,60.04,57.95,56.73
91,3,11,9,56.12,59.76,64.94
91,4,11,7,76.67,82.69,80.95
91,4,11,8,78.59,73.71,72.69
91,4,11,9,80.94,78.95,77.89
92,1,1,1,63.38,63.11,60.11
92,1,1,2,57.51,59.64,58.26
92,1,1,3,57.17,58.48,59.36
92,2,1,1,71.74,72.41,73.78
92,2,1,2,75.26,74.49,78.79
92,2,1,3,75.21,71.09,69.98
92,3,1,1,72.03,71.61,70.81
92,3,1,2,71.96,72.41,70.93
92,3,1,3,65.88,74.32,70.97
92,4,1,1,59.21,65.36,64.87
92,4,1,2,64.03,59.31,60.81
92,4,1,3,58.18,64.44,64.05
92,1,6,4,77.6,77.24,78.15
92,1,6,5,79.98,76.84,75.3
92,1,6,6,81.4,78.45,76.93
92,2,6,4,72.02,76.09,71.5
92,2,6,5,69.34,68.88,69.55
92,2,6,6,58.82,68.27,66.3
92,3,6,4,46.63,49.84,47.79
92,3,6,5,41.65,48.09,51.16
92,3,6,6,41.58,40.99,42.45
92,4,6,4,68.61,70.17,69.81
92,4,6,5,68.01,64.82,64.5
92,4,6,6,64.62,70.21,65.71
92,1,11,7,67.79,67.43,69.93
92,1,11,8,66.27,69.06,73.38
92,1,11,9,73.71,66.54,70.48
92,2,11,7,71.66,65.99,68.47
92,2,11,8,78.89,73.42,76.12
92,2,11,9,77.51,79.32,76.17
92,3,11,7,52.02,54.16,56.89
92,3,11,8,50.35,52.51,49.96
92,3,11,9,49.38,51.59,48.74
92,4,11,7,75.78,80.18,76.7
92,4,11,8,75.54,75.27,74.27
92,4,11,9,75.4,76.43,78.13
93,1,1,1,64.43,64.37,64.05
93,1,1,2,65.37,64.83,67.79
93,1,1,3,64.96,65.95,63.42
93,2,1,1,53.63,54.1,52.82
93,2,1,2,52.85,52.2,52.65
93,2,1,3,51.82,53.27,52.36
93,3,1,1,69.17,80.38,82.13
93,3,1,2,66.28,69,69.3
93,3,1,3,67.72,65.49,68.16
93,4,1,1,51.25,52.66,51.56
93,4,1,2,50.83,54.13,54.7
93,4,1,3,50.59,50.33,53.62
93,1,6,4,54.56,55.61,56.64
93,1,6,5,53.46,52.3,52.79
93,1,6,6,53.29,54.83,56.6
93,2,6,4,75.64,76.83,76.07
93,2,6,5,76.33,78.18,80.77
93,2,6,6,77.56,75.07,73.34
93,3,6,4,49.2,50.48,48.8
93,3,6,5,50.37,48.01,44.38
93,3,6,6,49.24,49.46,50.38
93,4,6,4,68.83,64.4,64.3
93,4,6,5,66.52,69.18,67.59
93,4,6,6,68.36,67.71,70.31
93,1,11,7,72.93,73.58,74.01
93,1,11,8,75,74.23,77.02
93,1,11,9,76.04,73.05,71.26
93,2,11,7,55.36,50.62,52.35
93,2,11,8,58.3,53.69,52
93,2,11,9,60.27,59.59,59.76
93,3,11,7,77.53,80.11,79.86
93,3,11,8,73.31,75.58,73.72
93,3,11,9,74.37,73.74,73.21
93,4,11,7,51.51,55.21,55.04
93,4,11,8,49.35,49.84,50.52
93,4,11,9,49.79,47.96,47.81
94,1,1,1,60.13,67.85,64.6
94,1,1,2,57.32,58.66,59.49
94,1,1,3,57.26,58.11,58.32
94,2,1,1,69.89,74.65,74.73
94,2,1,2,65.94,68.35,67.34
94,2,1,3,71.16,65.52,64.7
94,3,1,1,65.31,66.43,66.52
94,3,1,2,68.1,64.25,64.39
94,3,1,3,63.29,64.75,63.14
94,4,1,1,79.66,74.35,76.19
94,4,1,2,77.2,78.37,79.96
94,4,1,3,81.79,81.67,80.28
94,1,6,4,69.56,68.81,70.7
94,1,6,5,65.97,68.06,70.67
94,1,6,6,72.5,65.93,67.21
94,2,6,4,52.34,52.19,52.77
94,2,6,5,54.27,53.61,51.56
94,2,6,6,54.26,55.22,55.98
94,3,6,4,66.82,68.19,71.45
94,3,6,5,70.11,65.73,66.62
94,3,6,6,72.72,70.22,72.72
94,4,6,4,52.38,50.69,49.87
94,4,6,5,58.2,54.26,54.65
94,4,6,6,60.73,57.85,59.1
94,1,11,7,77.21,75.23,74.81
94,1,11,8,79,74.96,71.46
94,1,11,9,80.79,79.1,79.52
94,2,11,7,71.91,70.94,73.11
94,2,11,8,71.08,70.98,69.51
94,2,11,9,70.71,70.92,71.33
94,3,11,7,50.87,54.55,49.6
94,3,11,8,48.32,51.32,54.71
94,3,11,9,49.04,45.71,43.99
94,4,11,7,54.22,51.3,52.83
94,4,11,8,55.61,54.47,57.67
94,4,11,9,55.36,52.78,53.51
95,1,1,1,72.82,74.52,71.99
95,1,1,2,74.54,72.46,71.49
95,1,1,3,70.11,73.27,72.55
95,2,1,1,64.28,61.59,61.14
95,2,1,2,68.98,64.27,65.99
95,2,1,3,74.95,67.81,67.43
95,3,1,1,73.91,73.31,74.8
95,3,1,2,76.93,79.04,78.62
95,3,1,3,77.61,75.43,77.17
95,4,1,1,55.67,57.6,55.24
95,4,1,2,58.45,52.09,54.1
95,4,1,3,59.43,57.8,57.2
95,1,6,4,68.98,65.7,67.64
95,1,6,5,64.04,63.99,64.74
95,1,6,6,68.15,62.85,62.4
95,2,6,4,65.75,65.58,66.66
95,2,6,5,67.46,68.4,68.33
95,2,6,6,71.06,67.37,61.48
95,3,6,4,73.94,74.75,73.53
95,3,6,5,69.4,71.05,70.04
95,3,6,6,70.01,71.85,75.32
95,4,6,4,64.85,65.34,66.39
95,4,6,5,61.61,64.46,61.79
95,4,6,6,61.24,63.54,63.6
95,1,11,7,78.34,75.99,72.3
95,1,11,8,81.7,81.75,82.38
95,1,11,9,84.39,79.89,81.92
95,2,11,7,58.9,57.51,54.36
95,2,11,8,60.19,59.62,61.95
95,2,11,9,55.19,57.51,55.59
95,3,11,7,64.9,60.67,60.32
95,3,11,8,61,62.33,65.08
95,3,11,9,63.15,62.84,65.06
95,4,11,7,56.51,56.82,56.67
95,4,11,8,51.42,54.06,49.11
95,4,11,9,51.64,53.65,52.84
96,1,1,1,70.42,66.77,68.5
96,1,1,2,63.05,74.1,76.38
96,1,1,3,62.46,65.89,68.3
96,2,1,1,55.71,53.83,55.62
96,2,1,2,56.62,53.34,52.69
96,2,1,3,59.93,57.64,58.16
96,3,1,1,75.81,76.36,75.33
96,3,1,2,73.58,74.26,70.38
96,3,1,3,77.17,73.33,73.61
96,4,1,1,52.44,49.61,51.61
96,4,1,2,51.93,54.09,50.64
96,4,1,3,49.74,51.37,50.8
96,1,6,4,71.82,77.84,73.93
96,1,6,5,75.07,67.18,64.85
96,1,6,6,77.11,75.03,73.59
96,2,6,4,67.84,68.8,70.79
96,2,6,5,70.13,69.19,70.35
96,2,6,6,71.08,72.36,74.57
96,3,6,4,76.51,77.21,79.12
96,3,6,5,76.42,75.21,79.01
96,3,6,6,84.32,76.36,76.92
96,4,6,4,67.84,70.52,70
96,4,6,5,68.43,68.45,67.27
96,4,6,6,68.82,68.14,67.95
96,1,11,7,70.07,66.22,65.24
96,1,11,8,74.17,69.28,68.37
96,1,11,9,75.86,74.04,76.37
96,2,11,7,77.63,78.36,78.78
96,2,11,8,82.36,80.1,79.59
96,2,11,9,83.97,82.16,80.44
96,3,11,7,74.03,78.47,74.59
96,3,11,8,71.77,73.45,71.18
96,3,11,9,75.42,70.65,69.59
96,4,11,7,69.57,66.96,67.53
96,4,11,8,76.55,71.76,74.23
96,4,11,9,78.21,75.55,74.11
97,1,1,1,73.84,74.47,75.63
97,1,1,2,74.81,73.47,71.85
97,1,1,3,74.07,73.49,73.97
97,2,1,1,67.38,66.94,66.32
97,2,1,2,65,66.09,64.63
97,2,1,3,69.44,62.27,60.7
97,3,1,1,73.07,71.97,72.74
97,3,1,2,73.11,72.67,73.11
97,3,1,3,68.97,72.68,74.55
97,4,1,1,52.38,52.74,52.14
97,4,1,2,50.4,52.82,52.89
97,4,1,3,46.62,46.05,44.06
97,1,6,4,50.41,51.72,51.1
97,1,6,5,48.47,49.74,46.3
97,1,6,6,48.69,47.03,46.51
97,2,6,4,61.41,59.78,61.59
97,2,6,5,62.18,61.27,59.67
97,2,6,6,67.6,63.56,63.84
97,3,6,4,74.51,78.41,79.05
97,3,6,5,76.83,76.64,73.31
97,3,6,6,78.1,77.36,76.8
97,4,6,4,66.19,70.19,67.34
97,4,6,5,76.22,66.65,65.2
97,4,6,6,75.06,77.25,77.1
97,1,11,7,56.28,52.19,55.12
97,1,11,8,51.3,57.18,60.72
97,1,11,9,53.81,52.22,54.74
97,2,11,7,72.34,66.18,67.65
97,2,11,8,70.59,72.45,73.71
97,2,11,9,69.59,71.18,73.84
97,3,11,7,75.02,71.32,70.2
97,3,11,8,72.89,73.24,77.18
97,3,11,9,68.08,70.34,68.04
97,4,11,7,69.26,74.46,72.24
97,4,11,8,71.4,69.24,71.19
97,4,11,9,71.55,71.51,72.47
98,1,1,1,61.01,58.8,57.81
98,1,1,2,62.64,59.96,58.49
98,1,1,3,61.71,60.07,57.9
98,2,1,1,50.17,58.14,59.19
98,2,1,2,49.58,48.5,47.12
98,2,1,3,48.29,47.97,47.9
98,3,1,1,50.41,51.22,51.02
98,3,1,2,50.02,51.46,53.09
98,3,1,3,50.21,48.39,49.82
98,4,1,1,65.89,60.99,60.36
98,4,1,2,65.77,64.61,60.55
98,4,1,3,64.06,66.27,66.34
98,1,6,4,53.53,53.01,52.84
98,1,6,5,54.16,53.16,54.35
98,1,6,6,52.32,53.37,53.88
98,2,6,4,50.9,52.35,45.7
98,2,6,5,50.26,50.74,51.87
98,2,6,6,49.49,50.95,46.59
98,3,6,4,66.66,64.15,63.23
98,3,6,5,64.93,61.29,64.39
98,3,6,6,66.35,65.61,63.48
98,4,6,4,54.88,59.07,60.99
98,4,6,5,48.63,53.72,52
98,4,6,6,50.61,46.57,51.45
98,1,11,7,67.42,64.38,66.48
98,1,11,8,68.8,66.42,65.51
98,1,11,9,73.95,68.72,63.53
98,2,11,7,51.87,52.11,51.63
98,2,11,8,49.36,54.44,54.19
98,2,11,9,53.31,49.03,48.11
98,3,11,7,54.59,55.62,57.01
98,3,11,8,55.08,56.44,54.15
98,3,11,9,54.25,54.89,51.85
98,4,11,7,65.47,61.4,60.15
98,4,11,8,65.57,63.85,64.21
98,4,11,9,66.95,68.17,70.7
99,1,1,1,80.42,77.37,76.95
99,1,1,2,81.5,78.88,79.69
99,1,1,3,80.2,81.98,86.58
99,2,1,1,80.13,78.31,80.68
99,2,1,2,78.97,82.14,82.33
99,2,1,3,82.43,76.18,76.1
99,3,1,1,74.84,74.21,71.3
99,3,1,2,75.4,76.82,72.66
99,3,1,3,73.7,77.18,74.63
99,4,1,1,71.98,71.97,69.53
99,4,1,2,73.76,70.72,67.58
99,4,1,3,76.06,76.55,79.67
99,1,6,4,76.33,75.29,76.34
99,1,6,5,77.77,75.65,77.97
99,1,6,6,70.17,74.81,75.29
99,2,6,4,71.73,72.35,74.86
99,2,6,5,74.41,74.08,76.35
99,2,6,6,68.95,75.43,76.27
99,3,6,4,59.3,51.8,52.05
99,3,6,5,52.48,60.75,60.68
99,3,6,6,50.71,51.41,52.36
99,4,6,4,77.21,79.03,78.19
99,4,6,5,75.26,76.03,76.69
99,4,6,6,73.96,76.2,78.63
99,1,11,7,80.9,80.82,79.96
99,1,11,8,81.71,79.85,77.68
99,1,11,9,77.21,80.22,79.42
99,2,11,7,73.75,68.33,73
99,2,11,8,69.19,73.77,75.51
99,2,11,9,70.61,74.24,73.06
99,3,11,7,69.45,67.18,63.36
99,3,11,8,65.88,66.29,65.77
99,3,11,9,66.81,66.5,66.13
99,4,11,7,63.94,67.83,68.79
99,4,11,8,62.61,63.2,63.27
99,4,11,9,66.14,64.42,64.85
100,1,1,1,68.92,72.25,71.89
100,1,1,2,67.08,64.35,62.45
100,1,1,3,59.48,67.33,64.51
100,2,1,1,76.41,76.1,80.95
100,2,1,2,77.11,78.36,78.72
100,2,1,3,78.65,76.61,76.19
100,3,1,1,67.91,63.6,65.79
100,3,1,2,70.31,68.02,66.24
100,3,1,3,65.78,70.28,69.55
100,4,1,1,80.07,77.45,77.99
100,4,1,2,82.49,75.82,74.44
100,4,1,3,82.23,84.68,85.72
100,1,6,4,52.62,57.95,55.45
100,1,6,5,56.12,53.59,54.61
100,1,6,6,56.39,56.78,49.26
100,2,6,4,58.91,60.38,56.26
100,2,6,5,55.46,58.94,58.21
100,2,6,6,53.44,53.55,51.57
100,3,6,4,65.94,67.19,70.09
100,3,6,5,67.85,68.7,71.45
100,3,6,6,63.12,71.32,70.07
100,4,6,4,68.32,69.7,68.69
100,4,6,5,68.61,67.06,64.6
100,4,6,6,69.57,65.7,66.91
100,1,11,7,64.44,60.99,61.25
100,1,11,8,67.06,63.75,65.58
100,1,11,9,66.43,66.77,63.98
100,2,11,7,72.75,72.78,75.06
100,2,11,8,73.66,73.92,70.58
100,2,11,9,77.97,72.19,70.5
100,3,11,7,47.12,51.1,50.42
100,3,11,8,48.63,44.48,46.19
100,3,11,9,49.02,48.05,48.18
100,4,11,7,52.79,51.95,50.95
100,4,11,8,55.75,50.73,55.62
100,4,11,9,54.95,55.37,53.82